_hread,widened,,Y,kernel32.lib
_hwrite,widened,,Y,kernel32.lib
_lclose,widened,,Y,kernel32.lib
_lcreat,widened,,Y,kernel32.lib
_llseek,widened,,Y,kernel32.lib
_lopen,widened,,Y,kernel32.lib
_lread,widened,,Y,kernel32.lib
_lwrite,widened,,Y,kernel32.lib
AbnormalTermination,new,,Y,macro
AbortDoc,widened,,Y,gdi32.lib
AbortPath,new,,N,gdi32.lib
AbortPrinter,new,,N,winspool.lib
AbortProc,dropped,,N,
AbortSystemShutdown,new,Ansi and Unicode,N,advapi32.lib
AbsoluteToSelfRelativeSD,new,,N,macro
accept,new,,Y,wsock32.lib
AccessCheck,new,,N,advapi32.lib
AccessCheckAndAuditAlarm,new,Ansi and Unicode,N,advapi32.lib
AccessResource,dropped,,N,
ActivateKeyboardLayout,new,,N,user32.lib
AddAccessAllowedAce,new,,N,advapi32.lib
AddAccessDeniedAce,new,,N,advapi32.lib
AddAce,new,,N,advapi32.lib
AddAtom,widened,Ansi and Unicode,Y,kernel32.lib
AddAuditAccessAce,new,,N,advapi32.lib
AddFontResource,changed,Ansi and Unicode,Y,gdi32.lib
AddForm,new,Ansi and Unicode,N,winspool.lib
AddJob,new,Ansi and Unicode,N,winspool.lib
AddMonitor,new,Ansi and Unicode,N,winspool.lib
AddPort,new,Ansi and Unicode,N,winspool.lib
AddPrinter,new,Ansi and Unicode,N,winspool.lib
AddPrinterConnection,new,Ansi and Unicode,N,winspool.lib
AddPrinterDriver,new,Ansi and Unicode,N,winspool.lib
AddPrintProcessor,new,Ansi and Unicode,N,winspool.lib
AddPrintProvidor,new,Ansi and Unicode,N,winspool.lib
AdjustTokenGroups,new ,,N,advapi32.lib
AdjustTokenPrivileges,new,,N,advapi32.lib
AdjustWindowRect,widened,,Y,user32.lib
AdjustWindowRectEx,widened,,Y,user32.lib
AdvancedDocumentProperties,new,Ansi and Unicode,N,winspool.lib
AdvancedSetupDialog,new,,N,winspool.lib
AllocateAndInitializeSid,new,,N,advapi32.lib
AllocateLocallyUniqueId,new,,N,advapi32.lib
AllocConsole,new,,N,kernel32.lib
AllocDiskSpace,dropped,,N,
AllocDSToCSAlias,dropped,,N,
AllocFileHandles,dropped,,N,
AllocGDIMem,dropped,,N,
AllocMem,dropped,,N,
AllocResource,dropped,,N,
AllocSelector,dropped,,N,
AllocUserMem,dropped,,N,
AngleArc,new,,N,gdi32.lib
AnimatePalette,widened,,Y,gdi32.lib
AnsiLower,widened,,Y,macro
AnsiLowerBuff,widened,,Y,macro
AnsiNext,widened,,Y,macro
AnsiPrev,widened,,Y,macro
AnsiToOem,widened,,Y,macro
AnsiToOemBuff,widened,,Y,macro
AnsiUpper,widened,,Y,macro
AnsiUpperBuff,widened,,Y,macro
AnyPopup,widened,,Y,user32.lib
AppendMenu,widened,Ansi and Unicode,Y,user32.lib
Arc,widened,,Y,gdi32.lib
ArcTo,new,,N,gdi32.lib
AreAllAccessesGranted,new,,N,advapi32.lib
AreAnyAccessesGranted,new,,N,advapi32.lib
ArrangeIconicWindows,widened,,Y,user32.lib
AttachThreadInput,new,,N,user32.lib
auxGetDevCaps,widened,Ansi and Unicode,Y,winmm.lib
auxGetNumDevs,widened,,Y,winmm.lib
auxGetVolume,widened,,Y,winmm.lib
auxOutMessage,widened,,Y,winmm.lib
auxSetVolume,widened,,Y,winmm.lib
BackupEventLog,new,Ansi and Unicode,N,advapi32.lib
BackupRead,new,,N,kernel32.lib
BackupSeek,new,,N,kernel32.lib
BackupWrite,new,,N,kernel32.lib
Beep,new,,Y,kernel32.lib
BeginDeferWindowPos,widened,,Y,user32.lib
BeginPaint,widened,,Y,user32.lib
BeginPath,new,,N,gdi32.lib
BeginUpdateResource,new,Ansi and Unicode,N,kernel32.lib
bind,new,,Y,wsock32.lib
BitBlt,widened,,Y,gdi32.lib
BringWindowToTop,widened,,Y,user32.lib
BuildCommDCB,widened,Ansi and Unicode,N,kernel32.lib
BuildCommDCBAndTimeouts,new,Ansi and Unicode,N,kernel32.lib
CallMsgFilter,widened,,Y,user32.lib
CallNamedPipe,new,Ansi and Unicode,N,kernel32.lib
CallNextHookEx,new,,Y,user32.lib
CallWindowProc,widened,Ansi and Unicode,Y,user32.lib
CancelDC,new,,N,gdi32.lib
Catch,dropped,,N,
ChangeClipboardChain,widened,,Y,user32.lib
ChangeMenu,widened,Ansi and Unicode,Y,user32.lib
ChangeSelector,dropped,,N,
ChangeServiceConfig,new,Ansi and Unicode,N,advapi32.lib
char_array_from_ndr,new,,N,rpcrt4.lib
char_from_ndr,new,,N,rpcrt4.lib
CharLower,widened,Ansi and Unicode,Y,user32.lib
CharLowerBuff,widened,Ansi and Unicode,Y,user32.lib
CharNext,widened,Ansi and Unicode,Y,user32.lib
CharPrev,widened,Ansi and Unicode,Y,user32.lib
CharToOem,widened,Ansi and Unicode,Y,user32.lib
CharToOemBuff,widened,Ansi and Unicode,Y,user32.lib
CharUpper,widened,Ansi and Unicode,Y,user32.lib
CharUpperBuff,widened,Ansi and Unicode,Y,user32.lib
CheckDlgButton,widened,,Y,user32.lib
CheckMenuItem,widened,,Y,user32.lib
CheckRadioButton,widened,,Y,user32.lib
ChildWindowFromPoint,widened,,Y,user32.lib
ChooseColor,widened,Ansi and Unicode,Y,comdlg32.lib
ChooseFont,widened,Ansi and Unicode,Y,comdlg32.lib
Chord,widened,,Y,gdi32.lib
ClassFirst,dropped,,N,
ClassNext,dropped,,N,
ClearCommBreak,widened,,N,kernel32.lib
ClearCommError,new,,N,kernel32.lib
ClearEventLog,new,Ansi and Unicode,N,advapi32.lib
ClientThreadConnect,new,,N,user32.lib
ClientToScreen,widened,,Y,user32.lib
ClipCursor,widened,,Y,user32.lib
CloseClipboard,widened,,Y,user32.lib
CloseComm,dropped,,N,
CloseConsoleHandle,new,,N,kernel32.lib
CloseDesktop,new,,N,user32.lib
CloseDriver,dropped,,N,
CloseEnhMetaFile,new,,N,gdi32.lib
CloseEventLog,new,,N,advapi32.lib
CloseFigure,new,,N,gdi32.lib
CloseHandle,new,,Y,kernel32.lib
CloseMetaFile,widened,,Y,gdi32.lib
ClosePrinter,new,,N,winspool.lib
CloseProfileUserMapping,new,,N,kernel32.lib
CloseServiceHandle,new,,N,advapi32.lib
closesocket,new,,Y,wsock32.lib
CloseSound,dropped,,N,
CloseWindow,widened,,Y,user32.lib
CombineRgn,widened,,Y,gdi32.lib
CombineTransform,new,,N,gdi32.lib
CommDlgExtendedError,widened,,Y,comdlg32.lib
CompareFileTime,new,,Y,kernel32.lib
CompareStringW,new,Ansi and Unicode,N,kernel32.lib
ConfigurePort,new,Ansi and Unicode,N,winspool.lib
connect,new,,Y,wsock32.lib
ConnectNamedPipe,new,,N,kernel32.lib
ContinueDebugEvent,new,,Y,kernel32.lib
ControlService,new,,N,advapi32.lib
ConvertRequest,widened,,N,macro
CopyAcceleratorTable,new,Ansi and Unicode,N,user32.lib
CopyCursor,new,,Y,macro
CopyEnhMetaFile,new,Ansi and Unicode,N,gdi32.lib
CopyFile,new,Ansi and Unicode,Y,kernel32.lib
CopyIcon,new,,Y,user32.lib
CopyLZFile,widened,,Y,lz32.lib
CopyMetaFile,widened,Ansi and Unicode,Y,gdi32.lib
CopyRect,widened,,Y,user32.lib
CopySid,new,,N,advapi32.lib
CountClipboardFormats,widened,,Y,user32.lib
CountVoiceNotes,dropped,,N,
CreateAcceleratorTable,new,Ansi and Unicode,N,user32.lib
CreateBitmap,widened,,Y,gdi32.lib
CreateBitmapIndirect,widened,,Y,gdi32.lib
CreateBrushIndirect,widened,,Y,gdi32.lib
CreateCaret,widened,,Y,user32.lib
CreateCompatibleBitmap,widened,,Y,gdi32.lib
CreateCompatibleDC,widened,,Y,gdi32.lib
CreateConsoleScreenBuffer,new,,N,kernel32.lib
CreateCursor,widened,,Y,user32.lib
CreateDC,widened,Ansi and Unicode,Y,gdi32.lib
CreateDialog,widened,,Y,macro
CreateDialogIndirect,widened,,Y,macro
CreateDialogIndirectParam,widened,Ansi and Unicode,Y,user32.lib
CreateDialogParam,widened,Ansi and Unicode,Y,user32.lib
CreateDIBitmap,widened,,Y,gdi32.lib
CreateDIBPatternBrush,widened,,Y,gdi32.lib
CreateDIBPatternBrushPt,new,,N,gdi32.lib
CreateDIBSection,new,,N,macro
CreateDirectory,new,Ansi and Unicode,Y,kernel32.lib
CreateDirectoryEx,new,Ansi and Unicode,Y,kernel32.lib
CreateDiscardableBitmap,widened,,Y,gdi32.lib
CreateEllipticRgn,widened,,Y,gdi32.lib
CreateEllipticRgnIndirect,widened,,Y,gdi32.lib
CreateEnhMetaFile,new,Ansi and Unicode,N,gdi32.lib
CreateEvent,new,Ansi and Unicode,N,kernel32.lib
CreateFile,new,Ansi and Unicode,Y,kernel32.lib
CreateFileMapping,new,Ansi and Unicode,Y,kernel32.lib
CreateFont,widened,Ansi and Unicode,Y,gdi32.lib
CreateFontIndirect,widened,Ansi and Unicode,Y,gdi32.lib
CreateHalftonePalette,new,,N,gdi32.lib
CreateHatchBrush,widened,,Y,gdi32.lib
CreateIC,widened,Ansi and Unicode,Y,gdi32.lib
CreateIcon,widened,,Y,user32.lib
CreateIconFromResource,new,,N,user32.lib
CreateIconIndirect,new,,N,user32.lib
CreateMailslot,new,Ansi and Unicode,N,kernel32.lib
CreateMDIWindow,new,Ansi and Unicode,N,user32.lib
CreateMenu,widened,,Y,user32.lib
CreateMetaFile,widened,Ansi and Unicode,Y,gdi32.lib
CreateMutex,new,Ansi and Unicode,N,kernel32.lib
CreateNamedPipe,new,Ansi and Unicode,N,kernel32.lib
CreatePalette,widened,,Y,gdi32.lib
CreatePatternBrush,widened,,Y,gdi32.lib
CreatePen,widened,,Y,gdi32.lib
CreatePenIndirect,widened,,Y,gdi32.lib
CreatePipe,new,,N,kernel32.lib
CreatePolygonRgn,widened,,Y,gdi32.lib
CreatePolyPolygonRgn,widened,,Y,gdi32.lib
CreatePopupMenu,widened,,Y,user32.lib
CreatePrivateObjectSecurity,new,,N,advapi32.lib
CreateProcess,new,Ansi and Unicode,Y,kernel32.lib
CreateRectRgn,widened,,Y,gdi32.lib
CreateRectRgnIndirect,widened,,Y,gdi32.lib
CreateRemoteThread,new,,N,kernel32.lib
CreateRoundRectRgn,widened,,Y,gdi32.lib
CreateScalableFontResource,widened,Ansi and Unicode,Y,gdi32.lib
CreateSemaphore,new,Ansi and Unicode,N,kernel32.lib
CreateService,new,Ansi and Unicode,N,advapi32.lib
CreateSolidBrush,widened,,Y,gdi32.lib
CreateTapePartition,new,,N,kernel32.lib
CreateThread,new,,N,kernel32.lib
CreateUserObjectSecurity,new,,N,macro
CreateWindow,widened,,Y,macro
CreateWindowEx,widened,Ansi and Unicode,Y,user32.lib
data_from_ndr,new,,N,rpcrt4.lib
data_into_ndr,new,,N,rpcrt4.lib
data_size_ndr,new,,N,rpcrt4.lib
DdeAbandonTransaction,widened,,Y,user32.lib
DdeAccessData,widened,,Y,user32.lib
DdeAddData,widened,,Y,user32.lib
DdeClientTransaction,widened,,Y,user32.lib
DdeCmpStringHandles,widened,,Y,user32.lib
DdeConnect,widened,,Y,user32.lib
DdeConnectList,widened,,Y,user32.lib
DdeCreateDataHandle,widened,,Y,user32.lib
DdeCreateStringHandle,widened,Ansi and Unicode,Y,user32.lib
DdeDisconnect,widened,,Y,user32.lib
DdeDisconnectList,widened,,Y,user32.lib
DdeEnableCallback,widened,,Y,user32.lib
DdeFreeDataHandle,widened,,Y,user32.lib
DdeFreeStringHandle,widened,,Y,user32.lib
DdeGetData,widened,,Y,user32.lib
DdeGetLastError,widened,,Y,user32.lib
DdeImpersonateClient,new,,N,user32.lib
DdeInitialize,widened,Ansi and Unicode,Y,user32.lib
DdeKeepStringHandle,widened,,Y,user32.lib
DdeNameService,widened,,Y,user32.lib
DdePostAdvise,widened,,Y,user32.lib
DdeQueryConvInfo,widened,,Y,user32.lib
DdeQueryNextServer,widened,,Y,user32.lib
DdeQueryString,widened,Ansi and Unicode,Y,user32.lib
DdeReconnect,widened,,Y,user32.lib
DdeRevertToSelf,new,,N,macro
DdeSetUserHandle,widened,,Y,user32.lib
DdeUnaccessData,widened,,Y,user32.lib
DdeUninitialize,widened,,Y,user32.lib
DebugActiveProcess,new,,N,kernel32.lib
DebugBreak,widened,,Y,kernel32.lib
DebugProc,widened,,Y,macro
DebugSnapShotProcessHeaps,new,,N,macro
DefDlgProc,widened,Ansi and Unicode,Y,user32.lib
DefDriverProc,widened,,Y,winmm.lib
DeferWindowPos,widened,,Y,user32.lib
DefFrameProc,widened,Ansi and Unicode,Y,user32.lib
DefHookProc,widened,,Y,macro
DefineHandleTable,widened,,Y,macro
DefMDIChildProc,widened,Ansi and Unicode,Y,user32.lib
DefWindowProc,widened,Ansi and Unicode,Y,user32.lib
DeleteAce,new,,N,advapi32.lib
DeleteAtom,widened,,Y,kernel32.lib
DeleteCriticalSection,new,,Y,kernel32.lib
DeleteDC,widened,,Y,gdi32.lib
DeleteEnhMetaFile,new,,N,gdi32.lib
DeleteFile,new,Ansi and Unicode,Y,kernel32.lib
DeleteForm,new,Ansi and Unicode,N,winspool.lib
DeleteMenu,widened,,Y,user32.lib
DeleteMetaFile,widened,,Y,gdi32.lib
DeleteMonitor,new,Ansi and Unicode,N,winspool.lib
DeleteObject,widened,,Y,gdi32.lib
DeletePort,new,Ansi and Unicode,N,winspool.lib
DeletePrinter,new,,N,winspool.lib
DeletePrinterConnection,new,Ansi and Unicode,N,winspool.lib
DeletePrinterDriver,new,Ansi and Unicode,N,winspool.lib
DeletePrintProcessor,new,Ansi and Unicode,N,winspool.lib
DeletePrintProvidor,new,Ansi and Unicode,N,winspool.lib
DeleteService,new,,N,advapi32.lib
DeregisterEventSource,new,,N,advapi32.lib
DestroyAcceleratorTable,new,,N,user32.lib
DestroyCaret,widened,,Y,user32.lib
DestroyCursor,widened,,Y,user32.lib
DestroyIcon,widened,,Y,user32.lib
DestroyMenu,widened,,Y,user32.lib
DestroyPrivateObjectSecurity,new,,N,advapi32.lib
DestroyUserObjectSecurity,new,,N,macro
DestroyWindow,widened,,Y,user32.lib
DeviceCapabilities,widened,Ansi and Unicode,Y,gdi32.lib
DeviceIoControl,new,,N,kernel32.lib
DeviceMode,widened,,N,winspool.lib
DeviceModeEx,widened,,Y,macro
DialogBox,widened,,Y,macro
DialogBoxIndirect,widened,,Y,macro
DialogBoxIndirectParam,widened,Ansi and Unicode,Y,user32.lib
DialogBoxParam,widened,Ansi and Unicode,Y,user32.lib
DirectedYield,widened,,N,user32.lib
DisconnectNamedPipe,new,,N,kernel32.lib
DispatchMessage,widened,Ansi and Unicode,Y,user32.lib
DlgDirList,widened,Ansi and Unicode,Y,user32.lib
DlgDirListComboBox,widened,Ansi and Unicode,Y,user32.lib
DlgDirSelect,dropped,,N,
DlgDirSelectComboBox,dropped,,N,
DlgDirSelectComboBoxEx,widened,Ansi and Unicode,Y,user32.lib
DlgDirSelectEx,widened,Ansi and Unicode,Y,user32.lib
DocumentProperties,new,Ansi and Unicode,N,winspool.lib
DOS3Call,dropped,,N,
DosDateTimeToFileTime,new,,Y,kernel32.lib
double_array_from_ndr,new,,N,rpcrt4.lib
double_from_ndr,new,,N,rpcrt4.lib
DPtoLP,widened,,Y,gdi32.lib
DragAcceptFiles,widened,,Y,shell32.lib
DragDetect,new,,N,user32.lib
DragFinish,widened,,Y,shell32.lib
DragObject,new,,N,user32.lib
DragQueryFile,widened,Ansi and Unicode,Y,shell32.lib
DragQueryPoint,widened,,Y,shell32.lib
DrawEscape,new,,N,gdi32.lib
DrawFocusRect,widened,,Y,user32.lib
DrawIcon,widened,,Y,user32.lib
DrawMenuBar,widened,,Y,user32.lib
DrawText,widened,Ansi and Unicode,Y,user32.lib
DriverCallback,new,,Y,winmm.lib
DrvGetModuleHandle,new,,Y,winmm.lib
DuplicateHandle,new,,Y,kernel32.lib
DuplicateIcon,new,,N,shell32.lib
DuplicateToken,new,,N,advapi32.lib
Ellipse,widened,,Y,gdi32.lib
EmptyClipboard,widened,,Y,user32.lib
EnableCommNotification,new,,N,macro
EnableHardwareInput,widened,,Y,macro
EnableMenuItem,widened,,Y,user32.lib
EnableScrollBar,widened,,Y,user32.lib
EnableWindow,widened,,Y,user32.lib
EndDeferWindowPos,widened,,Y,user32.lib
EndDialog,widened,,Y,user32.lib
EndDoc,widened,,Y,gdi32.lib
EndDocPrinter,new,,N,winspool.lib
EndPage,widened,,Y,gdi32.lib
EndPagePrinter,new,,N,winspool.lib
EndPaint,widened,,Y,user32.lib
EndPath,new,,N,gdi32.lib
EndUpdateResource,new,Ansi and Unicode,N,kernel32.lib
EnterCriticalSection,new,,Y,kernel32.lib
enum_from_ndr,new,,N,rpcrt4.lib
EnumChildWindows,widened,,Y,user32.lib
EnumClipboardFormats,widened,,Y,user32.lib
EnumDependentServices,new,Ansi and Unicode,N,advapi32.lib
EnumDesktops,new,,N,macro
EnumDisplayDeviceModes,new,Ansi and Unicode,N,user32.lib
EnumDisplayDevices,new,Ansi and Unicode,N,user32.lib
EnumEnhMetaFile,new,,N,gdi32.lib
EnumFontFamilies,widened,Ansi and Unicode,Y,gdi32.lib
EnumFontFamProc,new,,Y,macro
EnumFonts,widened,Ansi and Unicode,Y,gdi32.lib
EnumForms,new,Ansi and Unicode,N,winspool.lib
EnumJobs,new,Ansi and Unicode,N,winspool.lib
EnumMetaFile,widened,,Y,gdi32.lib
EnumMonitors,new,Ansi and Unicode,N,winspool.lib
EnumNearestFonts,new,,N,macro
EnumObjects,widened,,Y,gdi32.lib
EnumPorts,new,Ansi and Unicode,N,winspool.lib
EnumPrinterDrivers,new,Ansi and Unicode,N,winspool.lib
EnumPrinters,new,Ansi and Unicode,N,winspool.lib
EnumPrintProcessorDatatypes,new,Ansi and Unicode,N,winspool.lib
EnumPrintProcessors,new,Ansi and Unicode,N,winspool.lib
EnumProps,widened,Ansi and Unicode,Y,user32.lib
EnumPropsEx,new,Ansi and Unicode,N,user32.lib
EnumQueueMessages,new,,N,macro
EnumResLangProc,new,,Y,macro
EnumResNameProc,new,,Y,macro
EnumResourceLanguages,new,Ansi and Unicode,Y,kernel32.lib
EnumResourceNames,new,Ansi and Unicode,Y,kernel32.lib
EnumResourceTypes,new,Ansi and Unicode,Y,kernel32.lib
EnumResTypeProc,new,,Y,macro
EnumServicesStatus,new,Ansi and Unicode,N,advapi32.lib
EnumTaskWindows,widened,,Y,macro
EnumThreadWindows,new,,Y,user32.lib
EnumThreadWndProc,new,,Y,macro
EnumWindows,widened,,Y,user32.lib
EqualPrefixSid,new,,N,advapi32.lib
EqualRect,widened,,Y,user32.lib
EqualRgn,widened,,Y,gdi32.lib
EqualSid,new,,N,advapi32.lib
EraseTape,new,,N,kernel32.lib
Escape,widened,,Y,gdi32.lib
EscapeCommFunction,widened,,N,kernel32.lib
ExcludeClipRect,widened,,Y,gdi32.lib
ExcludeUpdateRgn,widened,,Y,user32.lib
ExitProcess,new,,Y,kernel32.lib
ExitThread,new,,Y,kernel32.lib
ExitWindows,widened,,Y,macro
ExitWindowsEx,new,,N,user32.lib
ExpandEnvironmentStrings,new,Ansi and Unicode,N,kernel32.lib
ExpungeConsoleCommandHistory,new,Ansi and Unicode,N,kernel32.lib
ExtCreatePen,new,,N,gdi32.lib
ExtCreateRegion,new,,N,gdi32.lib
ExtDeviceMode,dropped,,N,
ExtendedProviderFunction,new,,N,macro
ExtEscape,new,,Y,gdi32.lib
ExtFloodFill,widened,,Y,gdi32.lib
ExtractAssociatedIcon,new,Ansi and Unicode,N,shell32.lib
ExtractIcon,widened,Ansi and Unicode,Y,shell32.lib
ExtSelectClipRgn,new,,N,gdi32.lib
ExtTextOut,widened,Ansi and Unicode,Y,gdi32.lib
FatalAppExit,widened,Ansi and Unicode,Y,kernel32.lib
FatalExit,widened,,Y,kernel32.lib
FileIoCompletionRoutine,new,,N,macro
FileTimeToDosDateTime,new,,Y,kernel32.lib
FileTimeToLocalFileTime,new,,N,kernel32.lib
FileTimeToSystemTime,new,,Y,kernel32.lib
FillConsoleOutputAttribute,new,,N,kernel32.lib
FillConsoleOutputCharacter,new,Ansi and Unicode,N,kernel32.lib
FillPath,new,,N,gdi32.lib
FillRect,widened,,Y,user32.lib
FillRgn,widened,,Y,gdi32.lib
FindAtom,widened,Ansi and Unicode,Y,kernel32.lib
FindClose,new,,Y,kernel32.lib
FindCloseChangeNotification,new,,N,kernel32.lib
FindExecutable,widened,Ansi and Unicode,Y,shell32.lib
FindFirstChangeNotification,new,Ansi and Unicode,N,kernel32.lib
FindFirstFile,new,Ansi and Unicode,Y,kernel32.lib
FindFirstFreeAce,new,,N,advapi32.lib
FindNextChangeNotification,new,,N,kernel32.lib
FindNextFile,new,Ansi and Unicode,Y,kernel32.lib
FindResource,widened,Ansi and Unicode,Y,kernel32.lib
FindResourceEx,new,Ansi and Unicode,N,kernel32.lib
FindText,widened,Ansi and Unicode,Y,comdlg32.lib
FindWindow,widened,Ansi and Unicode,Y,user32.lib
FixBrushOrgEx,new,,N,gdi32.lib
FlashWindow,widened,,Y,user32.lib
FlattenPath,new,,N,gdi32.lib
float_array_from_ndr,new,,N,rpcrt4.lib
float_from_ndr,new,,N,rpcrt4.lib
FloodFill,widened,,Y,gdi32.lib
FlushComm,dropped,,N,
FlushConsoleInputBuffer,new,,N,kernel32.lib
FlushFileBuffers,new,,Y,kernel32.lib
FlushInstructionCache,new,,N,kernel32.lib
FlushViewOfFile,new,,N,kernel32.lib
FoldStringW,new,Ansi and Unicode,N,kernel32.lib
FormatMessage,new,Ansi and Unicode,N,kernel32.lib
FrameRect,widened,,Y,user32.lib
FrameRgn,widened,,Y,gdi32.lib
FreeAllGDIMem,dropped,,N,
FreeAllMem,dropped,,N,
FreeAllUserMem,dropped,,N,
FreeConsole,new,,N,kernel32.lib
FreeDDElParam,new,,Y,user32.lib
FreeLibrary,widened,,Y,kernel32.lib
FreeModule,widened,,Y,macro
FreeProcInstance,widened,,Y,macro
FreeResource,widened,,Y,kernel32.lib
FreeSelector,dropped,,N,
FreeSid,new,,N,advapi32.lib
GdiComment,new,,N,gdi32.lib
GdiFlush,new,,N,gdi32.lib
GdiGetBatchLimit,new,,N,gdi32.lib
GdiSetBatchLimit,new,,N,gdi32.lib
GenerateConsoleCtrlEvent,new,,N,kernel32.lib
GetAce,new,,N,advapi32.lib
GetAclInformation,new,,N,advapi32.lib
GetACP,new,,N,kernel32.lib
GetActiveWindow,widened,,Y,user32.lib
GetArcDirection,new,,N,gdi32.lib
GetAspectRatioFilter,dropped,,N,
GetAspectRatioFilterEx,widened,,Y,gdi32.lib
GetAsyncKeyState,widened,,Y,user32.lib
GetAtomHandle,widened,,Y,macro
GetAtomName,widened,Ansi and Unicode,Y,kernel32.lib
GetBitmapBits,widened,,Y,gdi32.lib
GetBitmapDimension,dropped,,N,
GetBitmapDimensionEx,widened,,Y,gdi32.lib
GetBkColor,widened,,Y,gdi32.lib
GetBkMode,widened,,Y,gdi32.lib
GetBoundsRect,widened,,Y,gdi32.lib
GetBrushOrg,widened,,Y,macro
GetBrushOrgEx,widened,,Y,gdi32.lib
GetBValue,widened,,Y,macro
GetCapture,widened,,Y,user32.lib
GetCaretBlinkTime,widened,,Y,user32.lib
GetCaretPos,widened,,Y,user32.lib
GetCharABCWidths,widened,Ansi and Unicode,Y,gdi32.lib
GetCharABCWidthsFloat,new,Ansi and Unicode,N,gdi32.lib
GetCharWidth,widened,Ansi and Unicode,Y,gdi32.lib
GetCharWidth32,new,Ansi and Unicode,N,gdi32.lib
GetCharWidthFloat,new,Ansi and Unicode,N,gdi32.lib
GetClassInfo,widened,Ansi and Unicode,Y,user32.lib
GetClassLong,widened,Ansi and Unicode,Y,user32.lib
GetClassName,widened,Ansi and Unicode,Y,user32.lib
GetClassWord,changed,,Y,user32.lib
GetClientRect,widened,,Y,user32.lib
GetClipboardData,widened,,Y,user32.lib
GetClipboardFormatName,widened,Ansi and Unicode,Y,user32.lib
GetClipboardOwner,widened,,Y,user32.lib
GetClipboardViewer,widened,,Y,user32.lib
GetClipBox,widened,,Y,gdi32.lib
GetClipCursor,widened,,Y,user32.lib
GetClipRgn,new,,N,gdi32.lib
GetCodeHandle,dropped,,N,
GetCodeInfo,dropped,,N,
GetColorAdjustment,new,,N,gdi32.lib
GetCommandLine,new,Ansi and Unicode,Y,kernel32.lib
GetCommConfig,new,,N,macro
GetCommError,dropped,,N,
GetCommMask,new,,N,kernel32.lib
GetCommModemStatus,new,,N,kernel32.lib
GetCommProperties,new,,N,kernel32.lib
GetCommState,widened,,N,kernel32.lib
GetCommTimeouts,new,,N,kernel32.lib
GetComputerName,new,Ansi and Unicode,N,kernel32.lib
GetConsoleCP,new,,N,kernel32.lib
GetConsoleCursorInfo,new,,N,kernel32.lib
GetConsoleMode,new,,N,kernel32.lib
GetConsoleOutputCP,new,,N,kernel32.lib
GetConsoleScreenBufferInfo,new,,N,kernel32.lib
GetConsoleTitle,new,Ansi and Unicode,N,kernel32.lib
GetCPInfo,new,,Y,kernel32.lib
GetCurrentDirectory,new,Ansi and Unicode,Y,kernel32.lib
GetCurrentObject,new,,N,gdi32.lib
GetCurrentPDB,dropped,,N,
GetCurrentPosition,dropped,,N,
GetCurrentPositionEx,widened,,Y,gdi32.lib
GetCurrentProcess,new,,Y,kernel32.lib
GetCurrentProcessId,new,,Y,kernel32.lib
GetCurrentTask,widened,,Y,macro
GetCurrentThread,new,,Y,kernel32.lib
GetCurrentThreadId,new,,Y,kernel32.lib
GetCurrentTime,widened,,Y,macro
GetCursor,widened,,Y,user32.lib
GetCursorPos,widened,,Y,user32.lib
GetDC,widened,,Y,user32.lib
GetDCEx,widened,,Y,user32.lib
GetDCOrg,dropped,,N,gdi32.lib
GetDCOrgEx,new,,Y,gdi32.lib
GetDesktopWindow,widened,,Y,user32.lib
GetDeviceCaps,widened,,Y,gdi32.lib
GetDialogBaseUnits,widened,,Y,user32.lib
GetDIBits,widened,,Y,gdi32.lib
GetDiskFreeSpace,new,Ansi and Unicode,Y,kernel32.lib
GetDlgCtrlID,widened,,Y,user32.lib
GetDlgItem,widened,,Y,user32.lib
GetDlgItemInt,widened,,Y,user32.lib
GetDlgItemText,widened,Ansi and Unicode,Y,user32.lib
GetDOSEnvironment,dropped,,N,
GetDoubleClickTime,widened,,Y,user32.lib
GetDriverInfo,widened,,N,macro
GetDriverModuleHandle,widened,,N,macro
GetDriveType,widened,Ansi and Unicode,Y,kernel32.lib
GetEnhMetaFile,new,Ansi and Unicode,N,gdi32.lib
GetEnhMetaFileBits,new,,N,gdi32.lib
GetEnhMetaFileDescription,new,Ansi and Unicode,N,gdi32.lib
GetEnhMetaFileHeader,new,,N,gdi32.lib
GetEnhMetaFilePaletteEntries,new,,N,gdi32.lib
GetEnvironment,dropped,,N,gdi32.lib
GetEnvironmentStrings,new,,Y,kernel32.lib
GetEnvironmentVariable,new,Ansi and Unicode,Y,kernel32.lib
GetExceptionCode,new,,Y,macro
GetExceptionInformation,new,,Y,macro
GetExitCodeProcess,new,,Y,kernel32.lib
GetExitCodeThread,new,,Y,kernel32.lib
GetExpandedName,new,Ansi and Unicode,Y,lz32.lib
GetFileAttributes,new,Ansi and Unicode,Y,kernel32.lib
GetFileInformationByHandle,new,,N,kernel32.lib
GetFileResource,widened,,Y,macro
GetFileResourceSize,widened,,Y,macro
GetFileSecurity,new,Ansi and Unicode,N,advapi32.lib
GetFileSize,new,,Y,kernel32.lib
GetFileTime,new,,Y,kernel32.lib
GetFileTitle,widened,Ansi and Unicode,Y,comdlg32.lib
GetFileType,new,,Y,kernel32.lib
GetFileVersionInfo,widened,Ansi and Unicode,Y,version.lib
GetFileVersionInfoSize,widened,Ansi and Unicode,Y,version.lib
GetFocus,widened,,Y,user32.lib
GetFontData,widened,,Y,gdi32.lib
GetFontMapperControls,new,,N,macro
GetFontResourceInfo,new,,N,gdi32.lib
GetForegroundWindow,new,,N,user32.lib
GetForm,new,Ansi and Unicode,N,winspool.lib
GetFreeSpace,widened,,Y,macro
GetFreeSystemResources,widened,,Y,macro
GetFullPathName,new,Ansi and Unicode,Y,kernel32.lib
GetGlyphOutline,widened,,Y,gdi32.lib
GetGraphicsMode,new,,N,gdi32.lib
GetGValue,widened,,Y,macro
gethostbyaddr,new,,Y,wsock32.lib
gethostbyname,new,,Y,wsock32.lib
gethostname,new,,Y,wsock32.lib
GetIconInfo,new,,N,user32.lib
GetInputDesktop,new,,N,user32.lib
GetInputState,widened,,Y,user32.lib
GetInstanceData,dropped,,N,
GetJob,new,Ansi and Unicode,N,winspool.lib
GetJobFromHandle,new,,N,macro
GetKBCodePage,widened,,N,user32.lib
GetKernelObjectSecurity,new,,N,advapi32.lib
GetKerningPairs,new,,N,gdi32.lib
GetKeyboardLayoutName,new,Ansi and Unicode,N,user32.lib
GetKeyboardState,widened,,Y,user32.lib
GetKeyboardType,widened,,Y,user32.lib
GetKeyNameText,widened,Ansi and Unicode,Y,user32.lib
GetKeyState,widened,,Y,user32.lib
GetLargestConsoleWindowSize,new,,N,kernel32.lib
GetLastActivePopup,widened,,Y,user32.lib
GetLastError,new,,Y,kernel32.lib
GetLengthSid,new,,N,advapi32.lib
GetLocaleInfoW,new,Unicode,N,kernel32.lib
GetLocalTime,new,,N,kernel32.lib
GetLogicalDrives,new,,Y,kernel32.lib
GetLogicalDriveStrings,new,Ansi and Unicode,N,kernel32.lib
GetMailslotInfo,new,,N,kernel32.lib
GetMapMode,widened,,Y,gdi32.lib
GetMenu,widened,,Y,user32.lib
GetMenuCheckMarkDimensions,widened,,Y,user32.lib
GetMenuItemCount,widened,,Y,user32.lib
GetMenuItemID,widened,,Y,user32.lib
GetMenuState,widened,,Y,user32.lib
GetMenuString,widened,Ansi and Unicode,Y,user32.lib
GetMessage,widened,Ansi and Unicode,Y,user32.lib
GetMessageExtraInfo,widened,,Y,user32.lib
GetMessagePos,widened,,Y,user32.lib
GetMessageTime,widened,,Y,user32.lib
GetMetaFile,widened,Ansi and Unicode,Y,gdi32.lib
GetMetaFileBits,dropped,,N,
GetMetaFileBitsEx,widened,,Y,gdi32.lib
GetMetaRgn,new,,N,gdi32.lib
GetMiterLimit,new,,N,gdi32.lib
GetModuleFileName,widened,Ansi and Unicode,Y,kernel32.lib
GetModuleHandle,widened,Ansi and Unicode,Y,kernel32.lib
GetModuleUsage,dropped,,N,
GetNamedPipeHandleState,new,Ansi and Unicode,N,kernel32.lib
GetNamedPipeInfo,new,,N,kernel32.lib
GetNearestColor,widened,,Y,gdi32.lib
GetNearestPaletteIndex,widened,,Y,gdi32.lib
GetNextDlgGroupItem,widened,,Y,user32.lib
GetNextDlgTabItem,widened,,Y,user32.lib
GetNextDriver,widened,,N,macro
GetNextWindow,widened,,Y,macro
GetNumberOfConsoleInputEvents,new,,N,kernel32.lib
GetNumberOfConsoleMouseButtons,new,,N,kernel32.lib
GetNumberOfEventLogRecords,new,,N,advapi32.lib
GetNumTasks,widened,,Y,macro
GetObject,widened,Ansi and Unicode,Y,gdi32.lib
GetObjectSecurity,new,,N,macro
GetObjectType,new,,N,gdi32.lib
GetOEMCP,new,,N,kernel32.lib
GetOldestEventLogRecord,new,,N,advapi32.lib
GetOpenClipboardWindow,widened,,Y,user32.lib
GetOpenFileName,new,Ansi and Unicode,Y,comdlg32.lib
GetOutlineTextMetrics,widened,Ansi and Unicode,Y,gdi32.lib
GetOverlappedResult,new,,N,kernel32.lib
GetPaletteEntries,widened,,Y,gdi32.lib
GetParent,widened,,Y,user32.lib
GetPath,new,,N,gdi32.lib
getpeername,new,,Y,wsock32.lib
GetPixel,widened,,Y,gdi32.lib
GetPolyFillMode,widened,,Y,gdi32.lib
GetPrinter,new,Ansi and Unicode,N,winspool.lib
GetPrinterData,new,Ansi and Unicode,N,winspool.lib
GetPrinterDriver,new,Ansi and Unicode,N,winspool.lib
GetPrinterDriverDirectory,new,Ansi and Unicode,N,winspool.lib
GetPrintProcessorDirectory,new,Ansi and Unicode,N,winspool.lib
GetPriorityClass,new,,N,kernel32.lib
GetPriorityClipboardFormat,widened,,Y,user32.lib
GetPrivateObjectSecurity,new,,N,advapi32.lib
GetPrivateProfileInt,widened,Ansi and Unicode,Y,kernel32.lib
GetPrivateProfileSection,widened,Ansi and Unicode,Y,kernel32.lib
GetPrivateProfileString,widened,Ansi and Unicode,Y,kernel32.lib
GetProcAddress,widened,,Y,kernel32.lib
GetProcessHeap,new,,N,kernel32.lib
GetProcessShutdownParameters,new,,N,kernel32.lib
GetProcessWindowStation,new,,N,user32.lib
GetProfileInt,widened,Ansi and Unicode,Y,kernel32.lib
GetProfileSection,widened,Ansi and Unicode,Y,kernel32.lib
GetProfileString,widened,Ansi and Unicode,Y,kernel32.lib
GetProp,widened,Ansi and Unicode,Y,user32.lib
getprotobyname,new,,Y,wsock32.lib
getprotobynumber,new,,Y,wsock32.lib
GetQueueStatus,widened,,Y,user32.lib
GetRasterizerCaps,widened,,Y,gdi32.lib
GetRegionData,new,,N,gdi32.lib
GetRgnBox,widened,,Y,gdi32.lib
GetROP2,widened,,Y,gdi32.lib
GetRotateTransform,new,,N,macro
GetRValue,widened,,Y,macro
GetSaveFileName,new,Ansi and Unicode,Y,comdlg32.lib
GetScrollPos,widened,,Y,user32.lib
GetScrollRange,widened,,Y,user32.lib
GetSecurityDescriptorControl,new,,N,advapi32.lib
GetSecurityDescriptorDacl,new,,N,advapi32.lib
GetSecurityDescriptorGroup,new,,N,advapi32.lib
GetSecurityDescriptorLength,new,,N,advapi32.lib
GetSecurityDescriptorOwner,new,,N,advapi32.lib
GetSecurityDescriptorSacl,new,,N,advapi32.lib
getservbyname,new,,Y,wsock32.lib
getservbyport,new,,Y,wsock32.lib
GetServiceDisplayName,new,Ansi and Unicode,N,advapi32.lib
GetServiceKeyName,new,Ansi and Unicode,N,advapi32.lib
GetSidIdentifierAuthority,new,,N,advapi32.lib
GetSidLengthRequired,new,,N,advapi32.lib
GetSidSubAuthority,new,,N,advapi32.lib
GetSidSubAuthorityCount,new,,N,advapi32.lib
getsockname,new,,Y,wsock32.lib
getsockopt,new,,Y,wsock32.lib
GetStartupInfo,new,Ansi and Unicode,Y,kernel32.lib
GetStdHandle,new,,Y,kernel32.lib
GetStockObject,widened,,Y,gdi32.lib
GetStretchBltMode,widened,,Y,gdi32.lib
GetStringTypeW,new,Unicode,N,kernel32.lib
GetSubMenu,widened,,Y,user32.lib
GetSysColor,widened,,Y,user32.lib
GetSysModalWindow,widened,,Y,macro
GetSystemDebugState,dropped,,N,
GetSystemDefaultLangID,new,,N,kernel32.lib
GetSystemDefaultLCID,new,,N,kernel32.lib
GetSystemDir,dropped,,N,macro
GetSystemDirectory,widened,Ansi and Unicode,Y,kernel32.lib
GetSystemInfo,new,,N,kernel32.lib
GetSystemMenu,widened,,Y,user32.lib
GetSystemMetrics,widened,,Y,user32.lib
GetSystemPaletteEntries,widened,,Y,gdi32.lib
GetSystemPaletteUse,widened,,Y,gdi32.lib
GetSystemTime,new,,Y,kernel32.lib
GetTabbedTextExtent,widened,Ansi and Unicode,Y,user32.lib
GetTapeParameters,new,,N,kernel32.lib
GetTapePosition,new,,N,kernel32.lib
GetTapeStatus,new,,N,kernel32.lib
GetTempDrive,dropped,,N,
GetTempFileName,widened,Ansi and Unicode,Y,kernel32.lib
GetTempPath,new,Ansi and Unicode,Y,kernel32.lib
GetTextAlign,widened,,Y,gdi32.lib
GetTextCharacterExtra,widened,,Y,gdi32.lib
GetTextColor,widened,,Y,gdi32.lib
GetTextExtent,dropped,,N,
GetTextExtentEx,dropped,,N,
GetTextExtentExPoint,widened,Ansi and Unicode,Y,gdi32.lib
GetTextExtentPoint,widened,Ansi and Unicode,Y,gdi32.lib
GetTextExtentPoint32,new,Ansi and Unicode,N,gdi32.lib
GetTextFace,widened,Ansi and Unicode,Y,gdi32.lib
GetTextMetrics,widened,Ansi and Unicode,Y,gdi32.lib
GetThreadContext,new,,Y,kernel32.lib
GetThreadDesktop,new,,N,user32.lib
GetThreadExitCode,new,,N,macro
GetThreadLocale,new,,N,kernel32.lib
GetThreadPriority,new,,N,kernel32.lib
GetThreadSelectorEntry,new,,N,kernel32.lib
GetThresholdEvent,dropped,,N,
GetThresholdStatus,dropped,,N,
GetTickCount,widened,,Y,kernel32.lib
GetTimeZoneInformation,new,,N,kernel32.lib
GetTokenInformation,new,,N,advapi32.lib
GetTopWindow,widened,,Y,user32.lib
GetUpdateRect,widened,,Y,user32.lib
GetUpdateRgn,widened,,Y,user32.lib
GetUserDefaultLangID,new,,N,kernel32.lib
GetUserDefaultLCID,new,,N,kernel32.lib
GetUserName,new,Ansi and Unicode,N,advapi32.lib
GetUserObjectSecurity,new,,N,user32.lib
GetVersion,widened,,Y,kernel32.lib
GetViewportExt,dropped,,N,
GetViewportExtEx,widened,,Y,gdi32.lib
GetViewportOrg,dropped,,N,
GetViewportOrgEx,widened,,Y,gdi32.lib
GetVolumeInformation,new,Ansi and Unicode,Y,kernel32.lib
GetWindow,widened,,Y,user32.lib
GetWindowDC,widened,,Y,user32.lib
GetWindowExt,dropped,,N,
GetWindowExtEx,widened,,Y,gdi32.lib
GetWindowLong,widened,Ansi and Unicode,Y,user32.lib
GetWindowOrg,dropped,,N,
GetWindowOrgEx,widened,,Y,gdi32.lib
GetWindowPlacement,widened,,Y,user32.lib
GetWindowRect,widened,,Y,user32.lib
GetWindowsDir,new,,N,macro
GetWindowsDirectory,widened,Ansi and Unicode,Y,kernel32.lib
GetWindowStationAttrs,new,,N,macro
GetWindowTask,widened,,Y,macro
GetWindowText,widened,Ansi and Unicode,Y,user32.lib
GetWindowTextLength,widened,Ansi and Unicode,Y,user32.lib
GetWindowThreadProcessId,new,,Y,user32.lib
GetWindowWord,changed,,Y,user32.lib
GetWinFlags,dropped,,N,
GetWinMetaFileBits,new,,N,gdi32.lib
GetWorldTransform,new,,N,gdi32.lib
GlobalAddAtom,widened,Ansi and Unicode,Y,kernel32.lib
GlobalAlloc,widened,,Y,kernel32.lib
GlobalCompact,widened,,Y,kernel32.lib
GlobalDeleteAtom,widened,,Y,kernel32.lib
GlobalDiscard,widened,,Y,macro
GlobalDosAlloc,dropped,,N,
GlobalDosFree,dropped,,N,
GlobalEntryHandle,dropped,,N,
GlobalEntryModule,dropped,,N,
GlobalFindAtom,widened,Ansi and Unicode,Y,kernel32.lib
GlobalFirst,dropped,,N,
GlobalFix,widened,,Y,kernel32.lib
GlobalFlags,widened,,Y,kernel32.lib
GlobalFree,widened,,Y,kernel32.lib
GlobalGetAtomName,widened,Ansi and Unicode,Y,kernel32.lib
GlobalHandle,widened,,Y,kernel32.lib
GlobalInfo,dropped,,N,
GlobalLock,widened,,Y,kernel32.lib
GlobalLRUNewest,widened,,Y,macro
GlobalLRUOldest,widened,,Y,macro
GlobalMemoryStatus,new,,N,kernel32.lib
GlobalNext,dropped,,N,
GlobalNotify,dropped,,N,
GlobalPageLock,dropped,,N,
GlobalPageUnlock,dropped,,N,
GlobalReAlloc,widened,,Y,kernel32.lib
GlobalSize,widened,,Y,kernel32.lib
GlobalUnfix,widened,,Y,kernel32.lib
GlobalUnlock,widened,,Y,kernel32.lib
GlobalUnWire,widened,,Y,kernel32.lib
GlobalWire,widened,,Y,kernel32.lib
GrayString,widened,Ansi and Unicode,Y,user32.lib
HeapAlloc,new,,Y,macro
HeapCreate,new,,Y,kernel32.lib
HeapDestroy,new,,Y,kernel32.lib
HeapFree,new,,Y,macro
HeapSize,new,,Y,macro
HideCaret,widened,,Y,user32.lib
HiliteMenuItem,widened,,Y,user32.lib
htonl,new,,Y,wsock32.lib
htons,new,,Y,wsock32.lib
I_RpcAllocate,new,,N,rpcrt4.lib
I_RpcBindingCopy,new,,N,rpcrt4.lib
I_RpcBindingInqDynamicEndpoint,new,,N,rpcrt4.lib
I_RpcBindingIsClientLocal,new,,N,rpcrt4.lib
I_RpcClearMutex,new,,N,rpcrt4.lib
I_RpcDeleteMutex,new,,N,rpcrt4.lib
I_RpcFree,new,,N,rpcrt4.lib
I_RpcFreeBuffer,new,,N,rpcrt4.lib
I_RpcGetAssociationContext,new,,N,rpcrt4.lib
I_RpcGetBuffer,new,,N,rpcrt4.lib
I_RpcGetCurrentCallHandle,new,,N,rpcrt4.lib
I_RpcIfInqTransferSyntaxes,new,,N,rpcrt4.lib
I_RpcMapWin32Status,new,,N,rpcrt4.lib
I_RpcMonitorAssociation,new,,N,rpcrt4.lib
I_RpcNsBindingSetEntryName,new,,N,rpcrt4.lib
I_RpcNsGetBuffer,new,,N,rpcns4.lib
I_RpcNsRaiseException,new,,N,rpcns4.lib
I_RpcNsSendReceive,new,,N,rpcns4.lib
I_RpcParseSecurity,new,,N,rpcrt4.lib
I_RpcPauseExecution,new,,N,rpcrt4.lib
I_RpcReBindBuffer,new,,N,rpcns4.lib
I_RpcRequestMutex,new,,N,rpcrt4.lib
I_RpcSendReceive,new,,N,rpcrt4.lib
I_RpcSetAssociationContext,new,,N,rpcrt4.lib
I_RpcStopMonitorAssociation,new,,N,rpcrt4.lib
I_RpcTimeCharge,new,,N,rpcrt4.lib
I_RpcTimeGet,new,,N,rpcrt4.lib
I_RpcTimeReset,new,,N,rpcrt4.lib
I_RpcTransClientReallocBuffer,new,,N,rpcrt4.lib
I_RpcTransServerFindConnection,new,,N,rpcrt4.lib
I_RpcTransServerNewConnection,new,,N,rpcrt4.lib
I_RpcTransServerProtectThread,new,,N,rpcrt4.lib
I_RpcTransServerReallocBuffer,new,,N,rpcrt4.lib
I_RpcTransServerUnprotectThread,new,,N,rpcrt4.lib
I_ScSetServiceBits,new,Ansi and Unicode,N,advapi32.lib
I_Trace,new,,N,rpcrt4.lib
I_UuidCreate,new,,N,rpcrt4.lib
ImpersonateDDEClientWindow,new,,N,user32.lib
ImpersonateNamedPipeClient,new,,N,advapi32.lib
ImpersonateSelf,new,,N,advapi32.lib
inet_addr,new,,Y,wsock32.lib
inet_ntoa,new,,Y,wsock32.lib
InflateRect,widened,,Y,user32.lib
InitAtomTable,widened,,Y,kernel32.lib
InitializeAcl,new,,N,advapi32.lib
InitializeCriticalSection,new,,Y,kernel32.lib
InitializeSecurityDescriptor,new,,N,advapi32.lib
InitializeSid,new,,N,advapi32.lib
InitiateSystemShutdown,new,Ansi and Unicode,N,advapi32.lib
InSendMessage,widened,,Y,user32.lib
InsertMenu,widened,Ansi and Unicode,Y,user32.lib
InsertQueueMessage,new,,N,macro
InterlockedDecrement,new,,N,kernel32.lib
InterlockedIncrement,new,,N,kernel32.lib
InterruptRegister,dropped,,N,
InterruptUnRegister,dropped,,N,
IntersectClipRect,widened,,Y,gdi32.lib
IntersectRect,widened,,Y,user32.lib
InvalidateRect,widened,,Y,user32.lib
InvalidateRgn,widened,,Y,user32.lib
InvertRect,widened,,Y,user32.lib
InvertRgn,widened,,Y,gdi32.lib
InvertTransform,new,,N,macro
ioctlsocket,new,,Y,wsock32.lib
IsBadCodePtr,widened,,Y,kernel32.lib
IsBadHugeReadPtr,widened,,Y,kernel32.lib
IsBadHugeWritePtr,widened,,Y,kernel32.lib
IsBadReadPtr,widened,,Y,kernel32.lib
IsBadStringPtr,widened,Ansi and Unicode,Y,kernel32.lib
IsBadWritePtr,widened,,Y,kernel32.lib
IsCharAlpha,widened,Ansi and Unicode,Y,user32.lib
IsCharAlphaNumeric,widened,Ansi and Unicode,Y,user32.lib
IsCharLower,widened,Ansi and Unicode,Y,user32.lib
IsCharUpper,widened,Ansi and Unicode,Y,user32.lib
IsChild,widened,,Y,user32.lib
IsClipboardFormatAvailable,widened,,Y,user32.lib
IsDBCSLeadByte,widened,,Y,kernel32.lib
IsDialogMessage,widened,Ansi and Unicode,Y,user32.lib
IsDlgButtonChecked,widened,,Y,user32.lib
IsIconic,widened,,Y,user32.lib
IsMenu,widened,,Y,user32.lib
IsRectEmpty,widened,,Y,user32.lib
IsTask,widened,,Y,macro
IsTwoByteCharPrefix,widened,,Y,macro
IsValidAcl,new,,N,advapi32.lib
IsValidCodePage,new,,N,kernel32.lib
IsValidSecurityDescriptor,new,,N,advapi32.lib
IsValidSid,new,,Y,advapi32.lib
IsWindow,widened,,Y,user32.lib
IsWindowEnabled,widened,,Y,user32.lib
IsWindowUnicode,new,,Y,user32.lib
IsWindowVisible,widened,,Y,user32.lib
IsZoomed,widened,,Y,user32.lib
joyGetDevCaps,widened,Ansi and Unicode,Y,winmm.lib
joyGetNumDevs,widened,,Y,winmm.lib
joyGetPos,widened,,Y,winmm.lib
joyGetThreshold,widened,,Y,winmm.lib
joyReleaseCapture,widened,,Y,winmm.lib
joySetCalibration,widened,,Y,winmm.lib
joySetCapture,widened,,Y,winmm.lib
joySetThreshold,widened,,Y,winmm.lib
keybd_event,new,,N,user32.lib
KillTimer,widened,,Y,user32.lib
LCMapStringW,new,Ansi and Unicode,N,kernel32.lib
LeaveCriticalSection,new,,Y,kernel32.lib
LimitEMSPages,widened,,Y,macro
LineDDA,widened,,Y,macro
LineTo,widened,,Y,gdi32.lib
listen,new,,Y,wsock32.lib
LoadAccelerators,widened,Ansi and Unicode,Y,user32.lib
LoadAlterBitmap,new,,N,comdlg32.lib
LoadBitmap,widened,Ansi and Unicode,Y,user32.lib
LoadCursor,widened,Ansi and Unicode,Y,user32.lib
LoadIcon,widened,Ansi and Unicode,Y,user32.lib
LoadKeyboardLayout,new,Ansi and Unicode,N,user32.lib
LoadLibrary,widened,Ansi and Unicode,Y,kernel32.lib
LoadLibraryEx,new,Ansi and Unicode,N,kernel32.lib
LoadMenu,widened,Ansi and Unicode,Y,user32.lib
LoadMenuIndirect,widened,Ansi and Unicode,Y,user32.lib
LoadModule,widened,,Y,kernel32.lib
LoadResource,widened,,Y,kernel32.lib
LoadString,widened,Ansi and Unicode,Y,user32.lib
LocalAlloc,widened,,Y,kernel32.lib
LocalCompact,widened,,Y,kernel32.lib
LocalDiscard,widened,,Y,macro
LocalFileTimeToFileTime,new,,Y,kernel32.lib
LocalFirst,dropped,,N,
LocalFlags,widened,,Y,kernel32.lib
LocalFree,widened,,Y,kernel32.lib
LocalHandle,widened,,Y,kernel32.lib
LocalInfo,dropped,,N,
LocalInit,widened,,N,macro
LocalLock,widened,,Y,kernel32.lib
LocalNext,dropped,,N,
LocalNotify,widened,,N,macro
LocalReAlloc,widened,,Y,kernel32.lib
LocalShrink,widened,,Y,kernel32.lib
LocalSize,widened,,Y,kernel32.lib
LocalUnlock,widened,,Y,kernel32.lib
LockData,widened,,Y,macro
LockFile,new,,Y,kernel32.lib
LockFileEx,new,,N,kernel32.lib
LockInput,dropped,,N,
LockResource,widened,,Y,kernel32.lib
LockSegment,widened,,Y,macro
LockServiceDatabase,new,,N,advapi32.lib
LockWindowUpdate,widened,,Y,user32.lib
LogError,widened,,N,macro
LogParamError,widened,,N,macro
long_array_from_ndr,new,,N,rpcrt4.lib
long_from_ndr,new,,N,rpcrt4.lib
long_from_ndr_temp,new,,N,rpcrt4.lib
LookupAccountName,new,Ansi and Unicode,N,advapi32.lib
LookupAccountSid,new,Ansi and Unicode,N,advapi32.lib
LookupIconIDFromDirectory,new,,N,user32.lib
LookupPrivilegeDisplayName,new,Ansi and Unicode,N,advapi32.lib
LookupPrivilegeName,new,Ansi and Unicode,N,advapi32.lib
LookupPrivilegeValue,new,Ansi and Unicode,N,advapi32.lib
LPtoDP,widened,,Y,gdi32.lib
lstrcat,widened,Ansi and Unicode,Y,kernel32.lib
lstrcmp,widened,Ansi and Unicode,Y,kernel32.lib
lstrcmpi,widened,Ansi and Unicode,Y,kernel32.lib
lstrcpy,widened,Ansi and Unicode,Y,kernel32.lib
lstrlen,widened,Ansi and Unicode,Y,kernel32.lib
LZClose,widened,,Y,lz32.lib
LZCopy,widened,,Y,lz32.lib
LZDone,widened,,Y,lz32.lib
LZInit,widened,,Y,lz32.lib
LZOpenFile,widened,Ansi and Unicode,Y,lz32.lib
LZRead,widened,,Y,lz32.lib
LZSeek,widened,,Y,lz32.lib
LZStart,widened,,Y,lz32.lib
MakeAbsoluteSD,new,,N,advapi32.lib
MakeProcInstance,widened,,Y,macro
MakeSelfRelativeSD,new,,N,advapi32.lib
MapDialogRect,widened,,Y,user32.lib
MapGenericMask,new,,N,advapi32.lib
MapViewOfFile,new,,Y,kernel32.lib
MapViewOfFileEx,new,,Y,kernel32.lib
MapVirtualKey,widened,Ansi and Unicode,Y,user32.lib
MapWindowPoints,widened,,Y,user32.lib
MaskBlt,new,,N,gdi32.lib
mciDriverNotify,new,,Y,winmm.lib
mciDriverYield,new,,Y,winmm.lib
mciEatCommandEntry,new,,Y,winmm.lib
mciExecute,new,,Y,winmm.lib
mciFreeCommandResource,new,,Y,winmm.lib
mciGetCreatorTask,widened,,Y,winmm.lib
mciGetDeviceID,widened,Ansi and Unicode,Y,winmm.lib
mciGetDeviceIDFromElementID,new,Ansi and Unicode,Y,winmm.lib
mciGetDriverData,new,,Y,winmm.lib
mciGetErrorString,widened,Ansi and Unicode,Y,winmm.lib
mciGetParamSize,new,,Y,winmm.lib
mciGetYieldProc,new,,Y,winmm.lib
mciLoadCommandResource,new,,Y,winmm.lib
mciSendCommand,widened,Ansi and Unicode,Y,winmm.lib
mciSendString,widened,Ansi and Unicode,Y,winmm.lib
mciSetDriverData,new,,Y,winmm.lib
mciSetYieldProc,widened,,Y,winmm.lib
mciSoundInit,new,,Y,winmm.lib
mciUnlockCommandTable,new,,Y,winmm.lib
MemManInfo,dropped,,N,
MemoryRead,dropped,,N,
MemoryWrite,dropped,,N,
MessageBeep,widened,,Y,user32.lib
MessageBox,widened,Ansi and Unicode,Y,user32.lib
MessageBoxEx,new,Ansi and Unicode,N,user32.lib
midiInAddBuffer,widened,,Y,winmm.lib
midiInClose,widened,,Y,winmm.lib
midiInGetDevCaps,widened,Ansi and Unicode,Y,winmm.lib
midiInGetErrorText,widened,Ansi and Unicode,Y,winmm.lib
midiInGetID,widened,,Y,winmm.lib
midiInGetNumDevs,widened,,Y,winmm.lib
midiInMessage,widened,,Y,winmm.lib
midiInOpen,widened,,Y,winmm.lib
midiInPrepareHeader,widened,,Y,winmm.lib
midiInReset,widened,,Y,winmm.lib
midiInStart,widened,,Y,winmm.lib
midiInStop,widened,,Y,winmm.lib
midiInUnprepareHeader,widened,,Y,winmm.lib
midiOutCacheDrumPatches,widened,,Y,winmm.lib
midiOutCachePatches,widened,,Y,winmm.lib
midiOutClose,widened,,Y,winmm.lib
midiOutGetDevCaps,widened,Ansi and Unicode,Y,winmm.lib
midiOutGetErrorText,widened,Ansi and Unicode,Y,winmm.lib
midiOutGetID,widened,,Y,winmm.lib
midiOutGetNumDevs,widened,,Y,winmm.lib
midiOutGetVolume,widened,,Y,winmm.lib
midiOutLongMsg,widened,,Y,winmm.lib
midiOutMessage,widened,,Y,winmm.lib
midiOutOpen,widened,,Y,winmm.lib
midiOutPrepareHeader,widened,,Y,winmm.lib
midiOutReset,widened,,Y,winmm.lib
midiOutSetVolume,widened,,Y,winmm.lib
midiOutShortMsg,widened,,Y,winmm.lib
midiOutUnprepareHeader,widened,,Y,winmm.lib
midl_allocate,new,,N,rpcndr.lib
MIDL_user_allocate,new,,N,rpcndr.lib
MIDL_wchar_strcpy,new,,N,rpcrt4.lib
MIDL_wchar_strlen,new,,N,rpcrt4.lib
mmGetCurrentTask,new,,Y,winmm.lib
mmioAdvance,widened,,Y,winmm.lib
mmioAscend,widened,,Y,winmm.lib
mmioClose,widened,,Y,winmm.lib
mmioCreateChunk,widened,,Y,winmm.lib
mmioDescend,widened,,Y,winmm.lib
mmioFlush,widened,,Y,winmm.lib
mmioGetInfo,widened,,Y,winmm.lib
mmioInstallIOProc,widened,Ansi and Unicode,Y,winmm.lib
mmioOpen,widened,Ansi and Unicode,Y,winmm.lib
mmioRead,widened,,Y,winmm.lib
mmioRename,widened,Ansi and Unicode,Y,winmm.lib
mmioSeek,widened,,Y,winmm.lib
mmioSendMessage,widened,,Y,winmm.lib
mmioSetBuffer,widened,,Y,winmm.lib
mmioSetInfo,widened,,Y,winmm.lib
mmioStringToFOURCC,widened,Ansi and Unicode,Y,winmm.lib
mmioWrite,widened,,Y,winmm.lib
mmsystemGetVersion,widened,,Y,winmm.lib
mmTaskBlock,new,,Y,winmm.lib
mmTaskCreate,new,,Y,winmm.lib
mmTaskSignal,new,,Y,winmm.lib
mmTaskYield,new,,Y,winmm.lib
ModifyMenu,widened,Ansi and Unicode,Y,user32.lib
ModifyWorldTransform,new,,N,gdi32.lib
ModuleFindHandle,dropped,,N,
ModuleFindName,dropped,,N,
ModuleFirst,dropped,,N,
ModuleNext,dropped,,N,
MoveFile,new,Ansi and Unicode,Y,kernel32.lib
MoveFileEx,new,Ansi and Unicode,N,kernel32.lib
MoveTo,dropped,,N,
MoveToEx,widened,,Y,gdi32.lib
MoveWindow,widened,,Y,user32.lib
MsgWaitForMultipleObjects,new,,N,user32.lib
MulDiv,widened,,Y,kernel32.lib
MultiByteToWideChar,new,,Y,kernel32.lib
MultiplyTransforms,new,,N,macro
NamedPipeRevertToSelf,new,,N,macro
NDRCContextBinding,new,,N,rpcrt4.lib
NDRCContextMarshall,new,,N,rpcrt4.lib
NDRCContextUnmarshall,new,,N,rpcrt4.lib
NDRcopy,new,,N,rpcrt4.lib
NDRSContextMarshall,new,,N,rpcrt4.lib
NDRSContextUnmarshall,new,,N,rpcrt4.lib
NetBios,new,,Y,netapi32.lib
NetBIOSCall,dropped,,N,
NotifyBootConfigStatus,new,,N,advapi32.lib
NotifyRegister,dropped,,N,
NotifyUnRegister,dropped,,N,
ntohl,new,,Y,wsock32.lib
ntohs,new,,Y,wsock32.lib
ObjectCloseAuditAlarm,new,Ansi and Unicode,N,advapi32.lib
ObjectOpenAuditAlarm,new,Ansi and Unicode,N,advapi32.lib
ObjectPrivilegeAuditAlarm,new,Ansi and Unicode,N,advapi32.lib
OemKeyScan,widened,,Y,user32.lib
OemToAnsi,widened,,Y,macro
OemToAnsiBuff,widened,,Y,macro
OemToChar,widened,Ansi and Unicode,Y,user32.lib
OemToCharBuff,widened,Ansi and Unicode,Y,user32.lib
OffsetClipRgn,widened,,Y,gdi32.lib
OffsetRect,widened,,Y,user32.lib
OffsetRgn,widened,,Y,gdi32.lib
OffsetViewportOrg,dropped,,N,
OffsetViewportOrgEx,widened,,Y,gdi32.lib
OffsetWindowOrg,dropped,,N,
OffsetWindowOrgEx,widened,,Y,gdi32.lib
OleActivate,widened,,Y,olecli32.lib
OleBlockServer,widened,,Y,olesvr32.lib
OleClone,widened,,Y,olecli32.lib
OleClose,widened,,Y,olecli32.lib
OleCopyCompleted,widened,,Y,macro
OleCopyFromLink,widened,,Y,olecli32.lib
OleCopyToClipboard,widened,,Y,olecli32.lib
OleCreate,widened,,Y,olecli32.lib
OleCreateFromClip,widened,,Y,olecli32.lib
OleCreateFromFile,widened,,Y,olecli32.lib
OleCreateFromTemplate,widened,,Y,olecli32.lib
OleCreateInvisible,widened,,Y,olecli32.lib
OleCreateLinkFromClip,widened,,Y,olecli32.lib
OleCreateLinkFromFile,widened,,Y,olecli32.lib
OleDelete,widened,,Y,olecli32.lib
OleDraw,widened,,Y,olecli32.lib
OleEnumFormats,widened,,Y,olecli32.lib
OleEnumObjects,widened,,Y,olecli32.lib
OleEqual,widened,,Y,olecli32.lib
OleExecute,widened,,Y,olecli32.lib
OleGetData,widened,,Y,olecli32.lib
OleGetLinkUpdateOptions,widened,,Y,olecli32.lib
OleIsDcMeta,widened,,Y,olecli32.lib
OleLoadFromStream,widened,,Y,olecli32.lib
OleLockServer,widened,,Y,olecli32.lib
OleMarkForCopy,widened,,Y,macro
OleObjectConvert,widened,,Y,olecli32.lib
OleQueryBounds,widened,,Y,olecli32.lib
OleQueryClientVersion,widened,,Y,olecli32.lib
OleQueryCreateFromClip,widened,,Y,olecli32.lib
OleQueryLinkFromClip,widened,,Y,olecli32.lib
OleQueryName,widened,,Y,olecli32.lib
OleQueryOpen,widened,,Y,olecli32.lib
OleQueryOutOfDate,widened,,Y,olecli32.lib
OleQueryProtocol,widened,,Y,olecli32.lib
OleQueryReleaseError,widened,,Y,olecli32.lib
OleQueryReleaseMethod,widened,,Y,olecli32.lib
OleQueryReleaseStatus,widened,,Y,olecli32.lib
OleQueryServerVersion,widened,,Y,olesvr32.lib
OleQuerySize,widened,,Y,olecli32.lib
OleQueryType,widened,,Y,olecli32.lib
OleReconnect,widened,,Y,olecli32.lib
OleRegisterClientDoc,widened,,Y,olecli32.lib
OleRegisterServer,widened,,Y,olesvr32.lib
OleRegisterServerDoc,widened,,Y,olesvr32.lib
OleRelease,widened,,Y,olecli32.lib
OleRename,widened,,Y,olecli32.lib
OleRenameClientDoc,widened,,Y,olecli32.lib
OleRenameServerDoc,widened,,Y,olesvr32.lib
OleRequestData,widened,,Y,olecli32.lib
OleRevertClientDoc,widened,,Y,olecli32.lib
OleRevertServerDoc,widened,,Y,olesvr32.lib
OleRevokeClientDoc,widened,,Y,olecli32.lib
OleRevokeObject,widened,,Y,olesvr32.lib
OleRevokeServer,widened,,Y,olesvr32.lib
OleRevokeServerDoc,widened,,Y,olesvr32.lib
OleSavedClientDoc,widened,,Y,olecli32.lib
OleSavedServerDoc,widened,,Y,olesvr32.lib
OleSaveToStream,widened,,Y,olecli32.lib
OleSetBounds,widened,,Y,olecli32.lib
OleSetColorScheme,widened,,Y,olecli32.lib
OleSetData,widened,,Y,olecli32.lib
OleSetFileFormat,widened,,N,macro
OleSetHostNames,widened,,Y,olecli32.lib
OleSetLinkUpdateOptions,widened,,Y,olecli32.lib
OleSetTargetDevice,widened,,Y,olecli32.lib
OleUnblockServer,widened,,Y,olesvr32.lib
OleUnlockServer,widened,,Y,olecli32.lib
OleUpdate,widened,,Y,olecli32.lib
OpenBackupEventLog,new,Ansi and Unicode,N,advapi32.lib
OpenClipboard,widened,,Y,user32.lib
OpenComm,dropped,,N,
OpenDesktop,new,,N,macro
OpenDriver,dropped,,N,
OpenEvent,new,Ansi and Unicode,N,kernel32.lib
OpenEventLog,new,Ansi and Unicode,N,advapi32.lib
OpenFile,widened,,Y,kernel32.lib
OpenFileMapping,new,Ansi and Unicode,Y,kernel32.lib
OpenIcon,widened,,Y,user32.lib
OpenMutex,new,Ansi and Unicode,N,kernel32.lib
OpenPrinter,new,Ansi and Unicode,N,winspool.lib
OpenProcess,new,,N,kernel32.lib
OpenProcessToken,new,,N,advapi32.lib
OpenProfileUserMapping,new,,N,kernel32.lib
OpenSCManager,new,Ansi and Unicode,N,advapi32.lib
OpenSemaphore,new,Ansi and Unicode,N,kernel32.lib
OpenService,new,Ansi and Unicode,N,advapi32.lib
OpenSound,dropped,,N,
OpenSpooler,new,,N,macro
OpenThreadToken,new,,N,advapi32.lib
OpenWindowStation,new,,N,macro
OutputDebugString,widened,Ansi and Unicode,Y,kernel32.lib
PackDDElParam,new,,Y,user32.lib
PaintRgn,widened,,Y,gdi32.lib
PatBlt,widened,,Y,gdi32.lib
PathToRegion,new,,N,gdi32.lib
PeekConsoleInput,new,Ansi and Unicode,N,kernel32.lib
PeekMessage,widened,Ansi and Unicode,Y,user32.lib
PeekNamedPipe,new,,N,kernel32.lib
Pie,widened,,Y,gdi32.lib
PlayEnhMetaFile,new,,N,gdi32.lib
PlayEnhMetaFileRecord,new,,N,gdi32.lib
PlayMetaFile,widened,,Y,gdi32.lib
PlayMetaFileRecord,widened,,Y,gdi32.lib
PlaySound,new,Ansi and Unicode,Y,winmm.lib
PlgBlt,new,,N,gdi32.lib
PolyBezier,new,,N,gdi32.lib
PolyBezierTo,new,,N,gdi32.lib
PolyDraw,new,,N,gdi32.lib
Polygon,widened,,Y,gdi32.lib
Polyline,widened,,Y,gdi32.lib
PolylineTo,new,,N,gdi32.lib
PolyPolygon,widened,,Y,gdi32.lib
PolyPolyline,new,,N,gdi32.lib
PolyTextOut,new,Ansi and Unicode,N,gdi32.lib
PostAppMessage,widened,,Y,macro
PostMessage,widened,Ansi and Unicode,Y,user32.lib
PostQuitMessage,widened,,Y,user32.lib
PostThreadMessage,new,Ansi and Unicode,Y,user32.lib
PrepareTape,new,,N,kernel32.lib
PrintDlg,new,Ansi and Unicode,Y,comdlg32.lib
PrinterProperties,new,,N,winspool.lib
PrivilegeCheck,new,,N,advapi32.lib
PrivilegedServiceAuditAlarm,new,Ansi and Unicode,N,advapi32.lib
ProfClear,dropped,,N,
ProfFinish,dropped,,N,
ProfFlush,dropped,,N,
ProfInsChk,dropped,,N,
ProfSampRate,dropped,,N,
ProfSetup,dropped,,N,
ProfStart,dropped,,N,
ProfStop,dropped,,N,
PtInRect,widened,,Y,user32.lib
PtInRegion,widened,,Y,gdi32.lib
PtVisible,widened,,Y,gdi32.lib
PulseEvent,new,,N,kernel32.lib
PurgeComm,new,,N,kernel32.lib
QueryDosDevice,new,Ansi and Unicode,N,kernel32.lib
QueryPerformanceCounter,new,,Y,kernel32.lib
QueryPerformanceFrequency,new,,Y,kernel32.lib
QuerySendMessage,widened,,N,user32.lib
QueryServiceConfig,new,Ansi and Unicode,N,advapi32.lib
QueryServiceLockStatus,new,Ansi and Unicode,N,advapi32.lib
QueryServiceObjectSecurity,new,,N,advapi32.lib
QueryServiceStatus,new,,N,advapi32.lib
RaiseException,new,,Y,kernel32.lib
ReadComm,dropped,,N,
ReadConsole,new,Ansi and Unicode,N,kernel32.lib
ReadConsoleInput,new,Ansi and Unicode,N,kernel32.lib
ReadConsoleOutput,new,Ansi and Unicode,N,kernel32.lib
ReadConsoleOutputAttribute,new,,N,kernel32.lib
ReadConsoleOutputCharacter,new,Ansi and Unicode,N,kernel32.lib
ReadEventLog,new,Ansi and Unicode,N,advapi32.lib
ReadEventLogEntry,new,,N,macro
ReadFile,new,,Y,kernel32.lib
ReadFileEx,new,,N,kernel32.lib
ReadPrinter,new,,N,winspool.lib
ReadProcessMemory,new,,Y,kernel32.lib
ReadSpooler,new,,N,macro
RealizePalette,widened,,Y,gdi32.lib
Rectangle,widened,,Y,gdi32.lib
RectInRegion,widened,,Y,gdi32.lib
RectVisible,widened,,Y,gdi32.lib
recv,new,,Y,wsock32.lib
recvfrom,new,,Y,wsock32.lib
RedrawWindow,widened,,Y,user32.lib
RegCloseKey,new,,Y,advapi32.lib
RegConnectRegistry,new,Ansi and Unicode,N,advapi32.lib
RegCreateKey,widened,Ansi and Unicode,Y,advapi32.lib
RegCreateKeyEx,new,Ansi and Unicode,N,advapi32.lib
RegDeleteKey,widened,Ansi and Unicode,Y,advapi32.lib
RegDeleteValue,new,Ansi and Unicode,N,advapi32.lib
RegEnumKey,widened,Ansi and Unicode,Y,advapi32.lib
RegEnumKeyEx,new,Ansi and Unicode,N,advapi32.lib
RegEnumValue,new,Ansi and Unicode,N,advapi32.lib
RegFlushKey,new,,N,advapi32.lib
RegGetKeySecurity,new,,N,advapi32.lib
RegisterClass,widened,Ansi and Unicode,Y,user32.lib
RegisterClipboardFormat,widened,Ansi and Unicode,Y,user32.lib
RegisterEventSource,new,Ansi and Unicode,N,advapi32.lib
RegisterHotKey,new,,N,user32.lib
RegisterServiceCtrlHandler,new,Ansi and Unicode,N,advapi32.lib
RegisterWindowMessage,widened,Ansi and Unicode,Y,user32.lib
RegLoadKey,new,Ansi and Unicode,N,advapi32.lib
RegNotifyChangeKeyValue,new,,N,advapi32.lib
RegOpenKey,widened,Ansi and Unicode,Y,advapi32.lib
RegOpenKeyEx,new,Ansi and Unicode,N,advapi32.lib
RegQueryInfoKey,new,Ansi and Unicode,N,advapi32.lib
RegQueryValue,widened,Ansi and Unicode,Y,advapi32.lib
RegQueryValueEx,new,Ansi and Unicode,N,advapi32.lib
RegReplaceKey,new,Ansi and Unicode,N,advapi32.lib
RegRestoreKey,new,Ansi and Unicode,N,advapi32.lib
RegSaveKey,new,Ansi and Unicode,N,advapi32.lib
RegSetKeySecurity,new,,N,advapi32.lib
RegSetValue,widened,Ansi and Unicode,Y,advapi32.lib
RegSetValueEx,new,Ansi and Unicode,N,advapi32.lib
RegUnLoadKey,new,Ansi and Unicode,N,advapi32.lib
ReleaseCapture,widened,,Y,user32.lib
ReleaseDC,widened,,Y,user32.lib
ReleaseMutex,new,,N,kernel32.lib
ReleaseSemaphore,new,,N,kernel32.lib
RemoveDirectory,new,Ansi and Unicode,Y,kernel32.lib
RemoveFontResource,changed,Ansi and Unicode,Y,gdi32.lib
RemoveMenu,widened,,Y,user32.lib
RemoveProp,widened,Ansi and Unicode,Y,user32.lib
ReplaceText,new,Ansi and Unicode,Y,comdlg32.lib
ReplyMessage,widened,,Y,user32.lib
ReportEvent,new,Ansi and Unicode,N,advapi32.lib
ResetDC,widened,Ansi and Unicode,Y,gdi32.lib
ResetEvent,new,,N,kernel32.lib
ResizePalette,widened,,Y,gdi32.lib
RestoreDC,widened,,Y,gdi32.lib
ResumeThread,new,,N,kernel32.lib
ReuseDDElParam,new,,Y,user32.lib
RevertToSelf,new,,N,advapi32.lib
RoundRect,widened,,Y,gdi32.lib
RpcBindingCopy,new,,N,rpcrt4.lib
RpcBindingFree,new,,N,rpcrt4.lib
RpcBindingFromStringBinding,new,Ansi and Unicode,N,rpcrt4.lib
RpcBindingInqAuthClient,new,Ansi and Unicode,N,rpcrt4.lib
RpcBindingInqAuthInfo,new,Ansi and Unicode,N,rpcrt4.lib
RpcBindingInqObject,new,,N,rpcrt4.lib
RpcBindingReset,new,,N,rpcrt4.lib
RpcBindingSetAuthInfo,new,Ansi and Unicode,N,rpcrt4.lib
RpcBindingSetObject,new,,N,rpcrt4.lib
RpcBindingToStringBinding,new,Ansi and Unicode,N,rpcrt4.lib
RpcBindingVectorFree,new,,N,rpcrt4.lib
RpcEpRegister,new,Ansi and Unicode,N,rpcrt4.lib
RpcEpRegisterNoReplace,new,Ansi and Unicode,N,rpcrt4.lib
RpcEpResolveBinding,new,,N,rpcrt4.lib
RpcEpUnregister,new,,N,rpcrt4.lib
RpcIfIdVectorFree,new,,N,rpcns4.lib
RpcIfInqId,new,,N,rpcrt4.lib
RpcImpersonateClient,new,,N,rpcrt4.lib
RpcMgmtEnableIdleCleanup,new,,N,rpcrt4.lib
RpcMgmtInqComTimeout,new,,N,rpcrt4.lib
RpcMgmtInqStats,new,,N,rpcrt4.lib
RpcMgmtIsServerListening,new,,N,rpcrt4.lib
RpcMgmtSetComTimeout,new,,N,rpcrt4.lib
RpcMgmtSetServerStackSize,new,,N,rpcrt4.lib
RpcMgmtStatsVectorFree,new,,N,rpcrt4.lib
RpcMgmtStopServerListening,new,,N,rpcrt4.lib
RpcMgmtWaitServerListen,new,,N,rpcrt4.lib
RpcNetworkInqProtseqs,new,Ansi and Unicode,N,rpcrt4.lib
RpcNetworkIsProtseqValid,new,Ansi and Unicode,N,rpcrt4.lib
RpcNsBindingExport,new,Ansi and Unicode,N,rpcns4.lib
RpcNsBindingImportBegin,new,Ansi and Unicode,N,rpcns4.lib
RpcNsBindingImportDone,new,,N,rpcns4.lib
RpcNsBindingImportNext,new,,N,rpcns4.lib
RpcNsBindingInqEntryName,new,Ansi and Unicode,N,rpcrt4.lib
RpcNsBindingLookupBegin,new,Ansi and Unicode,N,rpcns4.lib
RpcNsBindingLookupDone,new,,N,rpcns4.lib
RpcNsBindingLookupNext,new,,N,rpcns4.lib
RpcNsBindingSelect,new,,N,rpcns4.lib
RpcNsBindingUnexport,new,Ansi and Unicode,N,rpcns4.lib
RpcNsEntryExpandName,new,Ansi and Unicode,N,rpcns4.lib
RpcNsEntryObjectInqBegin,new,Ansi and Unicode,N,rpcns4.lib
RpcNsEntryObjectInqDone,new,,N,rpcns4.lib
RpcNsEntryObjectInqNext,new,,N,rpcns4.lib
RpcNsGroupDelete,new,Ansi and Unicode,N,rpcns4.lib
RpcNsGroupMbrAdd,new,Ansi and Unicode,N,rpcns4.lib
RpcNsGroupMbrInqBegin,new,Ansi and Unicode,N,rpcns4.lib
RpcNsGroupMbrInqDone,new,,N,rpcns4.lib
RpcNsGroupMbrInqNext,new,Ansi and Unicode,N,rpcns4.lib
RpcNsGroupMbrRemove,new,Ansi and Unicode,N,rpcns4.lib
RpcNsMgmtBindingUnexport,new,Ansi and Unicode,N,rpcns4.lib
RpcNsMgmtEntryCreate,new,Ansi and Unicode,N,rpcns4.lib
RpcNsMgmtEntryDelete,new,Ansi and Unicode,N,rpcns4.lib
RpcNsMgmtEntryInqIfIds,new,Ansi and Unicode,N,rpcns4.lib
RpcNsMgmtHandleSetExpAge,new,,N,rpcns4.lib
RpcNsMgmtInqExpAge,new,,N,rpcns4.lib
RpcNsMgmtSetExpAge,new,,N,rpcns4.lib
RpcNsProfileDelete,new,Ansi and Unicode,N,rpcns4.lib
RpcNsProfileEltAdd,new,Ansi and Unicode,N,rpcns4.lib
RpcNsProfileEltInqBegin,new,Ansi and Unicode,N,rpcns4.lib
RpcNsProfileEltInqDone,new,,N,rpcns4.lib
RpcNsProfileEltInqNext,new,Ansi and Unicode,N,rpcns4.lib
RpcNsProfileEltRemove,new,Ansi and Unicode,N,rpcns4.lib
RpcObjectInqType,new,,N,rpcrt4.lib
RpcObjectSetInqFn,new,,N,rpcrt4.lib
RpcObjectSetType,new,,N,rpcrt4.lib
RpcProtseqVectorFree,new,Ansi and Unicode,N,rpcrt4.lib
RpcRaiseException,new,,N,rpcrt4.lib
RpcRevertToSelf,new,,N,rpcrt4.lib
RpcServerInqBindings,new,,N,rpcrt4.lib
RpcServerInqIf,new,,N,rpcrt4.lib
RpcServerListen,new,,N,rpcrt4.lib
RpcServerRegisterAuthInfo,new,Ansi and Unicode,N,rpcrt4.lib
RpcServerRegisterIf,new,,N,rpcrt4.lib
RpcServerUnregisterIf,new,,N,rpcrt4.lib
RpcServerUseAllProtseqs,new,,N,rpcrt4.lib
RpcServerUseAllProtseqsIf,new,,N,rpcrt4.lib
RpcServerUseProtseq,new,Ansi and Unicode,N,rpcrt4.lib
RpcServerUseProtseqEp,new,Ansi and Unicode,N,rpcrt4.lib
RpcServerUseProtseqIf,new,Ansi and Unicode,N,rpcrt4.lib
RpcSsDestroyClientContext,new,,N,rpcrt4.lib
RpcStringBindingCompose,new,Ansi and Unicode,N,rpcrt4.lib
RpcStringBindingParse,new,Ansi and Unicode,N,rpcrt4.lib
RpcStringFree,new,Ansi and Unicode,N,rpcrt4.lib
SaveDC,widened,,Y,gdi32.lib
ScaleViewportExt,dropped,,N,
ScaleViewportExtEx,widened,,Y,gdi32.lib
ScaleWindowExt,dropped,,N,
ScaleWindowExtEx,widened,,Y,gdi32.lib
ScheduleJob,new,,N,winspool.lib
ScreenToClient,widened,,Y,user32.lib
ScrollConsoleScreenBuffer,new,Ansi and Unicode,N,kernel32.lib
ScrollDC,widened,,Y,user32.lib
ScrollWindow,widened,,Y,user32.lib
ScrollWindowEx,widened,,Y,user32.lib
SearchPath,new,Ansi and Unicode,Y,kernel32.lib
select,new,,Y,wsock32.lib
SelectClipPath,new,,N,gdi32.lib
SelectClipRgn,widened,,Y,gdi32.lib
SelectPalette,widened,,Y,gdi32.lib
SelfRelativeToAbsoluteSD,new,,N,macro
send,new,,Y,wsock32.lib
SendDlgItemMessage,widened,Ansi and Unicode,Y,user32.lib
SendMessage,widened,Ansi and Unicode,Y,user32.lib
SendMessageCallback,new,Ansi and Unicode,N,user32.lib
SendMessageTimeout,new,Ansi and Unicode,N,user32.lib
SendNotifyMessage,widened,Ansi and Unicode,N,user32.lib
sendto,new,,Y,wsock32.lib
SetAbortProc,widened,,Y,gdi32.lib
SetAclInformation,new,,N,advapi32.lib
SetActiveWindow,widened,,Y,user32.lib
SetArcDirection,new,,N,gdi32.lib
SetBitmapBits,widened,,Y,gdi32.lib
SetBitmapDimension,dropped,,N,
SetBitmapDimensionEx,widened,,Y,gdi32.lib
SetBkColor,widened,,Y,gdi32.lib
SetBkMode,widened,,Y,gdi32.lib
SetBoundsRect,widened,,Y,gdi32.lib
SetBrushOrg,widened,,Y,macro
SetBrushOrgEx,new,,Y,gdi32.lib
SetCapture,widened,,Y,user32.lib
SetCaretBlinkTime,widened,,Y,user32.lib
SetCaretPos,widened,,Y,user32.lib
SetClassLong,widened,Ansi and Unicode,Y,user32.lib
SetClassWord,changed,,Y,user32.lib
SetClipboardData,widened,,Y,user32.lib
SetClipboardViewer,widened,,Y,user32.lib
SetColorAdjustment,new,,N,gdi32.lib
SetCommBreak,new,,N,kernel32.lib
SetCommConfig,new,,N,macro
SetCommMask,new,,N,kernel32.lib
SetCommState,new,,N,kernel32.lib
SetCommTimeouts,new,,N,kernel32.lib
SetComputerName,new,Ansi and Unicode,N,kernel32.lib
SetConsoleActiveScreenBuffer,new,,N,kernel32.lib
SetConsoleCP,new,,N,kernel32.lib
SetConsoleCtrlHandler,new,,N,kernel32.lib
SetConsoleCursorInfo,new,,N,kernel32.lib
SetConsoleCursorPosition,new,,N,kernel32.lib
SetConsoleMode,new,,N,kernel32.lib
SetConsoleOutputCP,new,,N,kernel32.lib
SetConsoleScreenBufferSize,new,,N,kernel32.lib
SetConsoleTextAttribute,new,,N,kernel32.lib
SetConsoleTitle,new,Ansi and Unicode,N,kernel32.lib
SetConsoleWindowInfo,new,,N,kernel32.lib
SetConvertHook,widened,,N,macro
SetConvertParams,widened,,N,macro
SetCurrentDirectory,new,Ansi and Unicode,Y,kernel32.lib
SetCursor,widened,,Y,user32.lib
SetCursorPos,widened,,Y,user32.lib
SetDebugErrorLevel,new,,N,user32.lib
SetDeskWallpaper,new,,N,user32.lib
SetDIBits,widened,,Y,gdi32.lib
SetDIBitsToDevice,widened,,Y,gdi32.lib
SetDlgItemInt,widened,,Y,user32.lib
SetDlgItemText,widened,Ansi and Unicode,Y,user32.lib
SetDoubleClickTime,widened,,Y,user32.lib
SetEndOfFile,new,,Y,kernel32.lib
SetEnhMetaFileBits,new,,N,gdi32.lib
SetEnvironment,dropped,,N,gdi32.lib
SetEnvironmentVariable,new,Ansi and Unicode,Y,kernel32.lib
SetErrorMode,widened,,Y,kernel32.lib
SetEvent,new,,N,kernel32.lib
SetFileAttributes,new,Ansi and Unicode,Y,kernel32.lib
SetFilePointer,new,,Y,kernel32.lib
SetFileSecurity,new,Ansi and Unicode,N,advapi32.lib
SetFileTime,new,,Y,kernel32.lib
SetFlat,new,,N,macro
SetFocus,widened,,Y,user32.lib
SetFontMapperControls,new,,N,macro
SetForegroundWindow,new,,N,user32.lib
SetForm,new,Ansi and Unicode,N,winspool.lib
SetGraphicsMode,new,,N,gdi32.lib
SetHandleCount,widened,,Y,kernel32.lib
SetJob,new,Ansi and Unicode,N,winspool.lib
SetKernelObjectSecurity,new,,N,advapi32.lib
SetKeyboardState,widened,,Y,user32.lib
SetLastError,new,,Y,kernel32.lib
SetLastErrorEx,new,,Y,user32.lib
SetLocalTime,new,,N,kernel32.lib
SetMailslotInfo,new,,N,kernel32.lib
SetMapMode,widened,,Y,gdi32.lib
SetMapperFlags,widened,,Y,gdi32.lib
SetMenu,widened,,Y,user32.lib
SetMenuItemBitmaps,widened,,Y,user32.lib
SetMessageQueue,widened,,Y,user32.lib
SetMetaFileBits,dropped,,N,
SetMetaFileBitsEx,widened,,Y,gdi32.lib
SetMetaRgn,new,,N,gdi32.lib
SetMiterLimit,new,,N,gdi32.lib
SetNamedPipeHandleState,new,,N,kernel32.lib
SetObjectSecurity,new,,N,macro
SetPaletteEntries,widened,,Y,gdi32.lib
SetParent,widened,,Y,user32.lib
SetPixelV,new,,N,gdi32.lib
SetPolyFillMode,widened,,Y,gdi32.lib
SetPrinter,new,Ansi and Unicode,N,winspool.lib
SetPrinterData,new,Ansi and Unicode,N,winspool.lib
SetPriorityClass,new,,N,kernel32.lib
SetPrivateObjectSecurity,new,,N,advapi32.lib
SetProcessShutdownParameters,new,,N,kernel32.lib
SetProcessWindowStation,new,,N,user32.lib
SetProp,widened,Ansi and Unicode,Y,user32.lib
SetQueueMsg,new,,N,macro
SetRect,widened,,Y,user32.lib
SetRectEmpty,widened,,Y,user32.lib
SetRectRgn,widened,,Y,gdi32.lib
SetResourceHandler,dropped,,N,
SetROP2,widened,,Y,gdi32.lib
SetScrollPos,widened,,Y,user32.lib
SetScrollRange,widened,,Y,user32.lib
SetSecurityDescriptorDacl,new,,N,advapi32.lib
SetSecurityDescriptorGroup,new,,N,advapi32.lib
SetSecurityDescriptorOwner,new,,N,advapi32.lib
SetSecurityDescriptorSacl,new,,N,advapi32.lib
SetServerInfoPointer,new,,N,user32.lib
SetServiceObjectSecurity,new,,N,advapi32.lib
SetServiceStatus,new,,N,advapi32.lib
setsockopt,new,,Y,wsock32.lib
SetSoundNoise,dropped,,N,
SetStdHandle,new,,Y,kernel32.lib
SetStretchBltMode,widened,,Y,gdi32.lib
SetSwapAreaSize,widened,,Y,macro
SetSysColors,widened,,Y,user32.lib
SetSysModalWindow,widened,,Y,macro
SetSystemPaletteUse,widened,,Y,gdi32.lib
SetSystemTime,new,,Y,kernel32.lib
SetTapeParameters,new,,N,kernel32.lib
SetTapePosition,new,,N,kernel32.lib
SetTextAlign,widened,,Y,gdi32.lib
SetTextCharacterExtra,widened,,Y,gdi32.lib
SetTextColor,widened,,Y,gdi32.lib
SetTextJustification,widened,,Y,gdi32.lib
SetThreadContext,new,,Y,kernel32.lib
SetThreadDesktop,new,,N,user32.lib
SetThreadLocale,new,,N,kernel32.lib
SetThreadPriority,new,,N,kernel32.lib
SetTimer,widened,,Y,user32.lib
SetTimeZoneInformation,new,,N,kernel32.lib
SetTokenInformation,new,,N,advapi32.lib
SetupComm,new,,N,kernel32.lib
SetUnhandledExceptionFilter,new,,Y,kernel32.lib
SetUserObjectSecurity,new,,N,user32.lib
SetViewportExt,dropped,,N,
SetViewportExtEx,widened,,Y,gdi32.lib
SetViewportOrg,dropped,,N,
SetViewportOrgEx,widened,,Y,gdi32.lib
SetVoiceAccent,dropped,,N,
SetVoiceEnvelope,dropped,,N,
SetVoiceNote,dropped,,N,
SetVoiceQueueSize,dropped,,N,
SetVoiceSound,dropped,,N,
SetVoiceThreshold,dropped,,N,
SetVolumeLabel,new,Ansi and Unicode,N,kernel32.lib
SetWindowExt,dropped,,N,
SetWindowExtEx,widened,,Y,gdi32.lib
SetWindowLong,widened,Ansi and Unicode,Y,user32.lib
SetWindowOrg,dropped,,N,
SetWindowOrgEx,widened,,Y,gdi32.lib
SetWindowPlacement,widened,,Y,user32.lib
SetWindowPos,widened,,Y,user32.lib
SetWindowsHook,widened,Ansi and Unicode,Y,user32.lib
SetWindowsHookEx,widened,Ansi and Unicode,Y,user32.lib
SetWindowText,widened,Ansi and Unicode,Y,user32.lib
SetWindowWord,changed,,Y,user32.lib
SetWinMetaFileBits,new,,N,gdi32.lib
SetWorldTransform,new,,N,gdi32.lib
ShellAbout,new,Ansi and Unicode,Y,shell32.lib
ShellExecute,widened,Ansi and Unicode,Y,shell32.lib
short_array_from_ndr,new,,N,rpcrt4.lib
short_from_ndr,new,,N,rpcrt4.lib
short_from_ndr_temp,new,,N,rpcrt4.lib
ShowCaret,widened,,Y,user32.lib
ShowCursor,widened,,Y,user32.lib
ShowOwnedPopups,widened,,Y,user32.lib
ShowScrollBar,widened,,Y,user32.lib
ShowWindow,widened,,Y,user32.lib
shutdown,new,,Y,wsock32.lib
SizeofResource,widened,,Y,kernel32.lib
Sleep,new,,Y,kernel32.lib
SleepEx,new,,N,kernel32.lib
sndPlaySound,widened,Ansi and Unicode,Y,winmm.lib
socket,new,,Y,wsock32.lib
StackTraceCSIPFirst,dropped,,N,
StackTraceFirst,dropped,,N,
StackTraceNext,dropped,,N,
StartDoc,widened,Ansi and Unicode,Y,gdi32.lib
StartDocPrinter,new,Ansi and Unicode,N,winspool.lib
StartDocSpooler,new,,N,macro
StartFrameSpooler,new,,N,macro
StartPage,widened,,Y,gdi32.lib
StartPagePrinter,new,,N,winspool.lib
StartService,new,Ansi and Unicode,N,advapi32.lib
StartServiceCtrlDispatcher,new,Ansi and Unicode,N,advapi32.lib
StartSound,dropped,,N,
StopSound,dropped,,N,
StretchBlt,widened,,Y,gdi32.lib
StretchDIBits,widened,,Y,gdi32.lib
StrokeAndFillPath,new,,N,gdi32.lib
StrokePath,new,,N,gdi32.lib
SubtractRect,widened,,Y,user32.lib
SuspendThread,new,,N,kernel32.lib
SwapMouseButton,widened,,Y,user32.lib
SwapRecording,dropped,,N,
SwitchDesktop,new,,N,user32.lib
SwitchStackBack,dropped,,N,
SwitchStackTo,dropped,,N,
SyncAllVoices,dropped,,N,
SystemHeapInfo,dropped,,N,
SystemParametersInfo,widened,Ansi and Unicode,Y,user32.lib
SystemTimeToFileTime,new,,Y,kernel32.lib
TabbedTextOut,widened,Ansi and Unicode,Y,user32.lib
TaskFindHandle,dropped,,N,
TaskFirst,dropped,,N,
TaskGetCSIP,dropped,,N,
TaskNext,dropped,,N,
TaskSetCSIP,dropped,,N,
TaskSwitch,dropped,,N,
TerminateApp,dropped,,N,
TerminateProcess,new,,N,kernel32.lib
TerminateThread,new,,N,kernel32.lib
TextOut,widened,Ansi and Unicode,Y,gdi32.lib
Throw,dropped,,N,
TileChildWindows,new,,N,user32.lib
timeBeginPeriod,widened,,Y,winmm.lib
timeEndPeriod,widened,,Y,winmm.lib
timeGetDevCaps,widened,,Y,winmm.lib
timeGetSystemTime,widened,,Y,winmm.lib
timeGetTime,widened,,Y,winmm.lib
timeKillEvent,widened,,N,winmm.lib
TimerCount,widened,,N,macro
TimerProc,widened,,N,macro
timeSetEvent,widened,,N,winmm.lib
TlsAlloc,new,,N,kernel32.lib
TlsFree,new,,Y,kernel32.lib
TlsGetValue,new,,Y,kernel32.lib
TlsSetValue,new,,Y,kernel32.lib
ToAscii,new,,Y,user32.lib
ToUnicode,new,,N,user32.lib
TowerConstruct,new,,N,rpcrt4.lib
TowerExplode,new,,N,rpcrt4.lib
TrackPopupMenu,widened,,Y,user32.lib
TransactNamedPipe,new,,N,kernel32.lib
TranslateAccelerator,widened,Ansi and Unicode,Y,user32.lib
TranslateMDISysAccel,widened,,Y,user32.lib
TranslateMessage,widened,,Y,user32.lib
TranslateMessageEx,new,,N,user32.lib
TransmitCommChar,new,,N,kernel32.lib
tree_into_ndr,new,,N,rpcrt4.lib
tree_peek_ndr,new,,N,rpcrt4.lib
tree_size_ndr,new,,N,rpcrt4.lib
UnAllocDiskSpace,dropped,,N,
UnAllocFileHandles,dropped,,N,
UngetCommChar,dropped,,N,
UnhandledExceptionFilter,new,,Y,kernel32.lib
UnhookWindowsHook,widened,,Y,user32.lib
UnhookWindowsHookEx,widened,,Y,user32.lib
UnionRect,widened,,Y,user32.lib
UnloadKeyboardLayout,new,,N,user32.lib
UnLockData,dropped,,N,
UnlockFile,new,,Y,kernel32.lib
UnlockFileEx,new,,N,kernel32.lib
UnlockResource,widened,,Y,macro
UnlockSegment,widened,,Y,macro
UnlockServiceDatabase,new,,N,advapi32.lib
UnmapViewOfFile,new,,Y,kernel32.lib
UnpackDDElParam,new,,Y,user32.lib
UnrealizeObject,widened,,Y,gdi32.lib
UnregisterClass,widened,Ansi and Unicode,Y,user32.lib
UnregisterHotKey,new,,N,user32.lib
UpdateColors,widened,,Y,gdi32.lib
UpdatePerUserSystemParameters,new,,N,user32.lib
UpdateResource,new,Ansi and Unicode,N,kernel32.lib
UpdateWindow,widened,,Y,user32.lib
UuidCreate,new,,N,rpcrt4.lib
UuidFromString,new,Ansi and Unicode,N,rpcrt4.lib
UuidToString,new,Ansi and Unicode,N,rpcrt4.lib
ValidateCodeSegments,dropped,,N,
ValidateFreeSpaces,dropped,,N,
ValidateRect,widened,,Y,user32.lib
ValidateRgn,widened,,Y,user32.lib
VerFindFile,widened,Ansi and Unicode,Y,version.lib
VerInstallFile,widened,Ansi and Unicode,Y,version.lib
VerLanguageName,widened,Ansi and Unicode,Y,kernel32.lib
VerQueryValue,widened,Ansi and Unicode,Y,version.lib
VirtualAlloc,new,,Y,kernel32.lib
VirtualFree,new,,Y,kernel32.lib
VirtualLock,new,,N,kernel32.lib
VirtualProtect,new,,Y,kernel32.lib
VirtualProtectEx,new,,N,kernel32.lib
VirtualQuery,new,,Y,kernel32.lib
VirtualQueryEx,new,,N,kernel32.lib
VirtualUnlock,new,,N,kernel32.lib
VkKeyScan,widened,Ansi and Unicode,Y,user32.lib
WaitCommEvent,new,,N,kernel32.lib
WaitForDebugEvent,new,,Y,kernel32.lib
WaitForInputIdle,new,,N,user32.lib
WaitForMultipleObjects,new,,N,kernel32.lib
WaitForMultipleObjectsEx,new,,N,kernel32.lib
WaitForPrinterChange,new,,N,winspool.lib
WaitForSingleObject,new,,N,kernel32.lib
WaitForSingleObjectEx,new,,N,kernel32.lib
WaitMessage,widened,,Y,user32.lib
WaitNamedPipe,new,Ansi and Unicode,N,kernel32.lib
WaitSoundState,dropped,,N,
waveInAddBuffer,widened,,Y,winmm.lib
waveInClose,widened,,Y,winmm.lib
waveInGetDevCaps,widened,Ansi and Unicode,Y,winmm.lib
waveInGetErrorText,widened,Ansi and Unicode,Y,winmm.lib
waveInGetID,widened,,Y,winmm.lib
waveInGetNumDevs,widened,,Y,winmm.lib
waveInGetPosition,widened,,Y,winmm.lib
waveInMessage,widened,,Y,winmm.lib
waveInOpen,widened,,Y,winmm.lib
waveInPrepareHeader,widened,,Y,winmm.lib
waveInReset,widened,,Y,winmm.lib
waveInStart,widened,,Y,winmm.lib
waveInStop,widened,,Y,winmm.lib
waveInUnprepareHeader,widened,,Y,winmm.lib
waveOutBreakLoop,widened,,Y,winmm.lib
waveOutClose,widened,,Y,winmm.lib
waveOutGetDevCaps,widened,Ansi and Unicode,Y,winmm.lib
waveOutGetErrorText,widened,Ansi and Unicode,Y,winmm.lib
waveOutGetID,widened,,Y,winmm.lib
waveOutGetNumDevs,widened,,Y,winmm.lib
waveOutGetPitch,widened,,Y,winmm.lib
waveOutGetPlaybackRate,widened,,Y,winmm.lib
waveOutGetPosition,widened,,Y,winmm.lib
waveOutGetVolume,widened,,Y,winmm.lib
waveOutMessage,widened,,Y,winmm.lib
waveOutOpen,widened,,Y,winmm.lib
waveOutPause,widened,,Y,winmm.lib
waveOutPrepareHeader,widened,,Y,winmm.lib
waveOutReset,widened,,Y,winmm.lib
waveOutRestart,widened,,Y,winmm.lib
waveOutSetPitch,widened,,Y,winmm.lib
waveOutSetPlaybackRate,widened,,Y,winmm.lib
waveOutSetVolume,widened,,Y,winmm.lib
waveOutUnprepareHeader,widened,,Y,winmm.lib
waveOutWrite,widened,,Y,winmm.lib
WideCharToMultiByte,new,,Y,kernel32.lib
WidenPath,new,,N,gdi32.lib
WindowFromDC,new,,N,user32.lib
WindowFromPoint,widened,,Y,user32.lib
WinExec,widened,,Y,kernel32.lib
WinHelp,widened,Ansi and Unicode,Y,user32.lib
WinMain,widened,,Y,macro
winmmDbgOut,new,,Y,winmm.lib
winmmSetDebugLevel,new,,Y,winmm.lib
WNetAddConnection,new,Ansi and Unicode,Y,mpr.lib
WNetAddConnection2,new,Ansi and Unicode,Y,mpr.lib
WNetCancelConnection,new,Ansi and Unicode,Y,mpr.lib
WNetCancelConnection2,new,Ansi and Unicode,Y,mpr.lib
WNetCloseEnum,new,,Y,mpr.lib
WNetConnectionDialog,new,,Y,mpr.lib
WNetDisconnectDialog,new,,Y,mpr.lib
WNetEnumResource,new,Ansi and Unicode,Y,mpr.lib
WNetGetConnection,new,Ansi and Unicode,Y,mpr.lib
WNetGetLastError,new,Ansi and Unicode,Y,mpr.lib
WNetGetUser,new,Ansi and Unicode,Y,mpr.lib
WNetOpenEnum,new,Ansi and Unicode,Y,mpr.lib
WordBreakProc,new,,Y,macro
WriteComm,dropped,,N,
WriteConsole,new,Ansi and Unicode,N,kernel32.lib
WriteConsoleInput,new,Ansi and Unicode,N,kernel32.lib
WriteConsoleOutput,new,Ansi and Unicode,N,kernel32.lib
WriteConsoleOutputAttribute,new,,N,kernel32.lib
WriteConsoleOutputCharacter,new,Ansi and Unicode,N,kernel32.lib
WriteEventLogEntry,new,,N,macro
WriteFile,new,,Y,kernel32.lib
WriteFileEx,new,,N,kernel32.lib
WritePrinter,new,,N,winspool.lib
WritePrivateProfileSection,widened,Ansi and Unicode,Y,kernel32.lib
WritePrivateProfileString,widened,Ansi and Unicode,Y,kernel32.lib
WriteProcessMemory,new,,N,kernel32.lib
WriteProfileSection,widened,Ansi and Unicode,Y,kernel32.lib
WriteProfileString,widened,Ansi and Unicode,Y,kernel32.lib
WriteSpooler,new,,N,macro
WriteTapemark,new,,N,kernel32.lib
WSAAsyncGetHostByAddr,new,,Y,wsock32.lib
WSAAsyncGetHostByName,new,,Y,wsock32.lib
WSAAsyncGetProtoByName,new,,Y,wsock32.lib
WSAAsyncGetProtoByNumber,new,,Y,wsock32.lib
WSAAsyncGetServByName,new,,Y,wsock32.lib
WSAAsyncGetServByPort,new,,Y,wsock32.lib
WSAAsyncSelect,new,,Y,wsock32.lib
WSACancelAsyncRequest,new,,Y,wsock32.lib
WSACancelBlockingCall,new,,Y,wsock32.lib
WSACleanup,new,,Y,wsock32.lib
WSAGetLastError,new,,Y,wsock32.lib
WSAIsBlocking,new,,Y,wsock32.lib
WSASetBlockingHook,new,,Y,wsock32.lib
WSASetLastError,new,,Y,wsock32.lib
WSAStartup,new,,Y,wsock32.lib
WSAUnhookBlockingHook,new,,Y,wsock32.lib
__WSAFDIsSet,new,,Y,wsock32.lib
wsprintf,widened,Ansi and Unicode,Y,user32.lib
wvsprintf,widened,Ansi and Unicode,Y,user32.lib
Yield,dropped,,N,
BM_GETCHECK,widened,,Y,msg
BM_GETIMAGE,new,,Y,msg
BM_GETSTATE,widened,,Y,msg
BM_SETCHECK,widened,,Y,msg
BM_SETIMAGE,new,,Y,msg
BM_SETSTATE,widened,,Y,msg
BM_SETSTYLE,widened,,Y,msg
BN_CLICKED,widened,,Y,msg
BN_DISABLE,widened,,Y,msg
BN_DOUBLECLICKED,widened,,Y,msg
BN_HILITE,widened,,Y,msg
BN_PAINT,widened,,Y,msg
BN_UNHILITE,widened,,Y,msg
CB_ADDSTRING,widened,,Y,msg
CB_DELETESTRING,widened,,Y,msg
CB_DIR,widened,,Y,msg
CB_FINDSTRING,widened,,Y,msg
CB_GETCOUNT,widened,,Y,msg
CB_GETCURSEL,widened,,Y,msg
CB_GETDROPPEDCONTROLRECT,widened,,Y,msg
CB_GETDROPPEDSTATE,widened,,Y,msg
CB_GETEDITSEL,widened,,Y,msg
CB_GETEXTENDEDUI,widened,,Y,msg
CB_GETITEMDATA,widened,,Y,msg
CB_GETITEMHEIGHT,widened,,Y,msg
CB_GETLBTEXT,widened,,Y,msg
CB_GETLBTEXTLEN,widened,,Y,msg
CB_INSERTSTRING,widened,,Y,msg
CB_LIMITTEXT,widened,,Y,msg
CB_MSGMAX,widened,,Y,msg
CB_RESETCONTENT,widened,,Y,msg
CB_SELECTSTRING,widened,,Y,msg
CB_SETCURSEL,widened,,Y,msg
CB_SETEDITSEL,widened,,Y,msg
CB_SETEXTENDEDUI,widened,,Y,msg
CB_SETITEMDATA,widened,,Y,msg
CB_SETITEMHEIGHT,widened,,Y,msg
CB_SHOWDROPDOWN,widened,,Y,msg
CBN_CLOSEUP,widened,,Y,msg
CBN_DBLCLK,widened,,Y,msg
CBN_DROPDOWN,widened,,Y,msg
CBN_EDITCHANGE,widened,,Y,msg
CBN_EDITUPDATE,widened,,Y,msg
CBN_ERRSPACE,widened,,Y,msg
CBN_KILLFOCUS,widened,,Y,msg
CBN_SELCHANGE,widened,,Y,msg
CBN_SETFOCUS,widened,,Y,msg
DM_GETDEFID,new,,Y,msg
DM_SETDEFID,new,,Y,msg
EM_CANUNDO,widened,,Y,msg
EM_EMPTYUNDOBUFFER,widened,,Y,msg
EM_FMTLINES,widened,,Y,msg
EM_GETFIRSTVISIBLELINE,widened,,Y,msg
EM_GETHANDLE,widened,,N,msg
EM_GETLINE,widened,,Y,msg
EM_GETLINECOUNT,widened,,Y,msg
EM_GETMODIFY,widened,,Y,msg
EM_GETRECT,widened,,Y,msg
EM_GETSEL,changed,,Y,msg
EM_GETTHUMB,new,,Y,msg
EM_LIMITTEXT,widened,,Y,msg
EM_LINEFROMCHAR,widened,,Y,msg
EM_LINEINDEX,widened,,Y,msg
EM_LINELENGTH,widened,,Y,msg
EM_LINESCROLL,changed,,Y,msg
EM_REPLACESEL,widened,,Y,msg
EM_SCROLL,widened,,Y,msg
EM_SETHANDLE,widened,,N,msg
EM_SETMODIFY,widened,,Y,msg
EM_SETPASSWORDCHAR,widened,,Y,msg
EM_SETREADONLY,widened,,Y,msg
EM_SETRECT,widened,,Y,msg
EM_SETRECTNP,widened,,Y,msg
EM_SETSEL,changed,,Y,msg
EM_SETTABSTOPS,widened,,Y,msg
EM_SETWORDBREAK,widened,,Y,msg
EM_UNDO,widened,,Y,msg
EN_CHANGE,widened,,Y,msg
EN_ERRSPACE,widened,,Y,msg
EN_HSCROLL,widened,,Y,msg
EN_KILLFOCUS,widened,,Y,msg
EN_MAXTEXT,widened,,Y,msg
EN_SETFOCUS,widened,,Y,msg
EN_UPDATE,widened,,Y,msg
EN_VSCROLL,widened,,Y,msg
LB_ADDSTRING,widened,,Y,msg
LB_CTLCODE,new,,N,msg
LB_DELETESTRING,widened,,Y,msg
LB_DIR,widened,,Y,msg
LB_FINDSTRING,widened,,Y,msg
LB_GETCARETINDEX,widened,,Y,msg
LB_GETCOUNT,widened,,Y,msg
LB_GETCURSEL,widened,,Y,msg
LB_GETHORIZONTALEXTENT,widened,,Y,msg
LB_GETITEMDATA,widened,,Y,msg
LB_GETITEMHEIGHT,widened,,Y,msg
LB_GETITEMRECT,widened,,Y,msg
LB_GETSEL,widened,,Y,msg
LB_GETSELCOUNT,widened,,Y,msg
LB_GETSELITEMS,widened,,Y,msg
LB_GETTEXT,widened,,Y,msg
LB_GETTEXTLEN,widened,,Y,msg
LB_GETTOPINDEX,widened,,Y,msg
LB_INSERTSTRING,widened,,Y,msg
LB_MSGMAX,widened,,Y,msg
LB_RESETCONTENT,widened,,Y,msg
LB_SELECTSTRING,widened,,Y,msg
LB_SELITEMRANGE,widened,,Y,msg
LB_SETCARETINDEX,widened,,Y,msg
LB_SETCOLUMNWIDTH,widened,,Y,msg
LB_SETCURSEL,widened,,Y,msg
LB_SETHORIZONTALEXTENT,widened,,Y,msg
LB_SETITEMDATA,widened,,Y,msg
LB_SETITEMHEIGHT,widened,,Y,msg
LB_SETSEL,widened,,Y,msg
LB_SETTABSTOPS,widened,,Y,msg
LB_SETTOPINDEX,widened,,Y,msg
LBN_DBLCLK,widened,,Y,msg
LBN_ERRSPACE,widened,,Y,msg
LBN_KILLFOCUS,widened,,Y,msg
LBN_SELCANCEL,widened,,Y,msg
LBN_SELCHANGE,widened,,Y,msg
LBN_SETFOCUS,widened,,Y,msg
STM_GETICON,widened,,Y,msg
STM_MSGMAX,widened,,Y,msg
STM_SETICON,widened,,Y,msg
WM_ACTIVATE,changed,,Y,msg
WM_ACTIVATEAPP,widened,,Y,msg
WM_ASKCBFORMATNAME,widened,,Y,msg
WM_CANCELMODE,widened,,Y,msg
WM_CHANGECBCHAIN,changed,,Y,msg
WM_CHAR,widened,,Y,msg
WM_CHARTOITEM,changed,,Y,msg
WM_CHILDACTIVATE,widened,,Y,msg
WM_CLEAR,widened,,Y,msg
WM_CLOSE,widened,,Y,msg
WM_COALESCE_FIRST,widened,,Y,msg
WM_COALESCE_LAST,widened,,Y,msg
WM_COMMAND,changed,,Y,msg
WM_COMMNOTIFY,widened,,Y,msg
WM_COMPACTING,widened,,Y,msg
WM_COMPAREITEM,widened,,Y,msg
WM_COPY,widened,,Y,msg
WM_CREATE,widened,,Y,msg
WM_CTLCOLOR,changed,,Y,msg
WM_CTLCOLORBTN,new,,Y,msg
WM_CTLCOLORDLG,new,,Y,msg
WM_CTLCOLOREDIT,new,,Y,msg
WM_CTLCOLORLISTBOX,new,,Y,msg
WM_CTLCOLORMSGBOX,new,,Y,msg
WM_CTLCOLORSCROLLBAR,new,,Y,msg
WM_CTLCOLORSTATIC,new,,Y,msg
WM_CUT,widened,,Y,msg
WM_DDE_ACK,changed,,Y,msg
WM_DDE_ADVISE,changed,,Y,msg
WM_DDE_DATA,changed,,Y,msg
WM_DDE_EXECUTE,changed,,Y,msg
WM_DDE_FIRST,widened,,Y,msg
WM_DDE_INITIATE,widened,,Y,msg
WM_DDE_LAST,widened,,Y,msg
WM_DDE_POKE,changed,,Y,msg
WM_DDE_REQUEST,widened,,Y,msg
WM_DDE_TERMINATE,widened,,Y,msg
WM_DDE_UNADVISE,widened,,Y,msg
WM_DEADCHAR,widened,,Y,msg
WM_DELETEITEM,widened,,Y,msg
WM_DESTROY,widened,,Y,msg
WM_DESTROYCLIPBOARD,widened,,Y,msg
WM_DEVMODECHANGE,widened,,Y,msg
WM_DRAWCLIPBOARD,widened,,Y,msg
WM_DRAWITEM,widened,,Y,msg
WM_DROPFILES,widened,,Y,msg
WM_ENABLE,widened,,Y,msg
WM_ENDSESSION,widened,,Y,msg
WM_ENTERIDLE,widened,,Y,msg
WM_ERASEBKGND,widened,,Y,msg
WM_FONTCHANGE,widened,,Y,msg
WM_GETDLGCODE,widened,,Y,msg
WM_GETFONT,widened,,Y,msg
WM_GETHOTKEY,new,,N,msg
WM_GETMINMAXINFO,widened,,Y,msg
WM_GETTEXT,widened,,Y,msg
WM_GETTEXTLENGTH,widened,,Y,msg
WM_HOTKEY,new,,N,msg
WM_HSCROLL,changed,,Y,msg
WM_HSCROLLCLIPBOARD,widened,,Y,msg
WM_ICONERASEBKGND,widened,,Y,msg
WM_INITDIALOG,widened,,Y,msg
WM_INITMENU,widened,,Y,msg
WM_INITMENUPOPUP,widened,,Y,msg
WM_KEYDOWN,widened,,Y,msg
WM_KEYFIRST,widened,,Y,msg
WM_KEYLAST,widened,,Y,msg
WM_KEYUP,widened,,Y,msg
WM_KILLFOCUS,widened,,Y,msg
WM_LBUTTONDBLCLK,widened,,Y,msg
WM_LBUTTONDOWN,widened,,Y,msg
WM_LBUTTONUP,widened,,Y,msg
WM_MBUTTONDBLCLK,widened,,Y,msg
WM_MBUTTONDOWN,widened,,Y,msg
WM_MBUTTONUP,widened,,Y,msg
WM_MDIACTIVATE,changed,,Y,msg
WM_MDICASCADE,widened,,Y,msg
WM_MDICREATE,widened,,Y,msg
WM_MDIDESTROY,widened,,Y,msg
WM_MDIGETACTIVE,widened,,Y,msg
WM_MDIICONARRANGE,widened,,Y,msg
WM_MDIMAXIMIZE,widened,,Y,msg
WM_MDINEXT,widened,,Y,msg
WM_MDIRESTORE,widened,,Y,msg
WM_MDISETMENU,changed,,Y,msg
WM_MDITILE,widened,,Y,msg
WM_MEASUREITEM,widened,,Y,msg
WM_MENUCHAR,changed,,Y,msg
WM_MENUSELECT,changed,,Y,msg
WM_MOUSEACTIVATE,widened,,Y,msg
WM_MOUSEENTER,new,,N,msg
WM_MOUSEFIRST,widened,,Y,msg
WM_MOUSELAST,widened,,Y,msg
WM_MOUSELEAVE,new,,N,msg
WM_MOUSEMOVE,widened,,Y,msg
WM_MOVE,widened,,Y,msg
WM_NCACTIVATE,widened,,Y,msg
WM_NCCALCRGN,new,,N,msg
WM_NCCALCSIZE,widened,,Y,msg
WM_NCCREATE,widened,,Y,msg
WM_NCDESTROY,widened,,Y,msg
WM_NCHITTEST,widened,,Y,msg
WM_NCLBUTTONDBLCLK,widened,,Y,msg
WM_NCLBUTTONDOWN,widened,,Y,msg
WM_NCLBUTTONUP,widened,,Y,msg
WM_NCMBUTTONDBLCLK,widened,,Y,msg
WM_NCMBUTTONDOWN,widened,,Y,msg
WM_NCMBUTTONUP,widened,,Y,msg
WM_NCMOUSEMOVE,widened,,Y,msg
WM_NCPAINT,widened,,Y,msg
WM_NCRBUTTONDBLCLK,widened,,Y,msg
WM_NCRBUTTONDOWN,widened,,Y,msg
WM_NCRBUTTONUP,widened,,Y,msg
WM_NEXTDLGCTL,widened,,Y,msg
WM_NULL,widened,,Y,msg
WM_PAINT,widened,,Y,msg
WM_PAINTCLIPBOARD,widened,,Y,msg
WM_PAINTICON,widened,,Y,msg
WM_PALETTECHANGED,widened,,Y,msg
WM_PALETTEISCHANGING,widened,,Y,msg
WM_PARENTNOTIFY,changed,,Y,msg
WM_PASTE,widened,,Y,msg
WM_PENWINFIRST,widened,,Y,msg
WM_PENWINLAST,widened,,Y,msg
WM_POWER,widened,,Y,msg
WM_QUERYDRAGICON,widened,,Y,msg
WM_QUERYENDSESSION,widened,,Y,msg
WM_QUERYNEWPALETTE,widened,,Y,msg
WM_QUERYOPEN,widened,,Y,msg
WM_QUEUESYNC,widened,,Y,msg
WM_QUIT,widened,,Y,msg
WM_RBUTTONDBLCLK,widened,,Y,msg
WM_RBUTTONDOWN,widened,,Y,msg
WM_RBUTTONUP,widened,,Y,msg
WM_RENDERALLFORMATS,widened,,Y,msg
WM_RENDERFORMAT,widened,,Y,msg
WM_SETCURSOR,widened,,Y,msg
WM_SETFOCUS,widened,,Y,msg
WM_SETFONT,widened,,Y,msg
WM_SETFOREGROUND,new,,N,msg
WM_SETHOTKEY,new,,N,msg
WM_SETREDRAW,widened,,Y,msg
WM_SETTEXT,widened,,Y,msg
WM_SHOWWINDOW,widened,,Y,msg
WM_SIZE,widened,,Y,msg
WM_SIZECLIPBOARD,widened,,Y,msg
WM_SPOOLERSTATUS,widened,,Y,msg
WM_SYSCHAR,widened,,Y,msg
WM_SYSCOLORCHANGE,widened,,Y,msg
WM_SYSCOMMAND,widened,,Y,msg
WM_SYSDEADCHAR,widened,,Y,msg
WM_SYSKEYDOWN,widened,,Y,msg
WM_SYSKEYUP,widened,,Y,msg
WM_TIMECHANGE,widened,,Y,msg
WM_TIMER,widened,,Y,msg
WM_UNDO,widened,,Y,msg
WM_USER,widened,,Y,msg
WM_VKEYTOITEM,changed,,Y,msg
WM_VSCROLL,changed,,Y,msg
WM_VSCROLLCLIPBOARD,widened,,Y,msg
WM_WINDOWPOSCHANGED,widened,,Y,msg
WM_WINDOWPOSCHANGING,widened,,Y,msg
WM_WININICHANGE,widened,,Y,msg
